# WELL TRACE FROM PETREL 
# WELL NAME:              JY68-4HF
# DEFINITIVE SURVEY:      JY68-4HF
# WELL HEAD X-COORDINATE: 751465.40000000 (m)
# WELL HEAD Y-COORDINATE: 3296459.90000000 (m)
# WELL DATUM (KB, Kelly bushing, from MSL): 639.17000000 (m)
# WELL TYPE:              UNDEFINED
# MD AND TVD ARE REFERENCED (=0) AT WELL DATUM AND INCREASE DOWNWARDS
# ANGLES ARE GIVEN IN DEGREES
# XYZ TRACE IS GIVEN IN COORDINATE SYSTEM <Undefined>
# AZIMUTH REFERENCE UNDEFINED
# DX DY ARE UNDEFINED IN m-UNITS
# DEPTH (Z, tvd_z) GIVEN IN m-UNITS
#================================================================================================================================
      MD            X            Y            Z           TVD           DX          DY          AZIM         INCL         DLS
#================================================================================================================================
 25.100000000 751465.40000 3296459.9000 614.07000000 25.100000000 0.0000000000 0.0000000000 34.380000000 0.4200000000 0.0000000000
 34.456666667 751465.42577 3296459.9753 604.71368086 34.456319140 0.0257706591 0.0752789974 7.7650330959 0.5806505505 0.8925322178
 43.813333333 751465.42562 3296460.0879 595.35770124 43.812298764 0.0256226844 0.1879029418 354.29900718 0.8080150959 0.8925322178
 53.170000000 751465.39956 3296460.2379 586.00228197 53.167718025 -0.000443920 0.3378691743 346.97000000 1.0600000000 0.8925322178
 67.170000000 751465.33605 3296460.4894 572.00468660 67.165313405 -0.063946587 0.5894285198 344.69938539 1.0641718187 0.0906239361
 81.170000000 751465.26233 3296460.7395 558.00711392 81.162886076 -0.137669227 0.8394592726 342.45000000 1.0700000000 0.0906239361
 95.015000000 751465.18013 3296460.9922 544.16466561 95.005334386 -0.219873805 1.0921908952 341.53907326 1.1298716226 0.1351486436
 108.86000000 751465.08943 3296461.2574 530.32250323 108.84749677 -0.310567825 1.3573722094 340.72000000 1.1900000000 0.1351486436
 122.60000000 751464.99080 3296461.5257 516.58547713 122.58452287 -0.409201219 1.6256603175 338.91246723 1.1944105208 0.0826733347
 136.34000000 751464.88334 3296461.7918 502.84847603 136.32152397 -0.516663984 1.8918291186 337.12000000 1.2000000000 0.0826733347
 150.00000000 751464.76635 3296462.0533 489.19148078 149.97851922 -0.633649853 2.1533294278 334.67991245 1.2039167621 0.1127315673
 163.66000000 751464.63784 3296462.3107 475.53451059 163.63548941 -0.762155321 2.4106991501 332.26000000 1.2100000000 0.1127315673
 177.35500000 751464.53142 3296462.5562 461.84213525 177.32786475 -0.868575419 2.6561693284 341.58621233 1.0361972637 0.5513540216
 191.05000000 751464.48138 3296462.7807 448.14907776 191.02092224 -0.918616024 2.8806597590 354.17000000 0.9000000000 0.5513540216
 204.64000000 751464.45512 3296462.9741 434.56048419 204.60951581 -0.944881700 3.0740716178 349.97277228 0.7469801314 0.3628707290
 218.23000000 751464.41969 3296463.1296 420.97142490 218.19857510 -0.980312737 3.2295895009 343.67000000 0.6000000000 0.3628707290
 231.46000000 751464.37641 3296463.2733 407.74227783 231.42772217 -1.023591285 3.3732906333 342.87000000 0.6999488299 0.2275681532
 244.69000000 751464.32448 3296463.4385 394.51341286 244.65658714 -1.075519510 3.5384883611 342.27000000 0.8000000000 0.2275681532
 251.37666667 751464.30941 3296463.5081 387.82713923 251.34286077 -1.090591184 3.6080934410 358.05001188 0.4311165086 1.8061887220
 258.06333333 751464.32106 3296463.5391 381.14056814 258.02943186 -1.078943476 3.6390546560 65.042339324 0.2363502570 1.8061887220
 264.75000000 751464.35942 3296463.5314 374.45402971 264.71597029 -1.040576961 3.6313704769 117.57000000 0.5000000000 1.8061887220
 269.51500000 751464.39496 3296463.5237 369.68917313 269.48082687 -1.005042124 3.6237056423 83.470000000 0.4140334708 1.7648503105
 274.28000000 751464.42784 3296463.5392 364.92431655 274.24568345 -0.972158466 3.6392020709 49.370000000 0.5000000000 1.7648503105
 278.96500000 751464.47873 3296463.5667 360.23968756 278.93031244 -0.921274744 3.6666868478 68.162782216 0.9320257129 3.1129447798
 283.65000000 751464.56932 3296463.5959 355.55566864 283.61433136 -0.830682448 3.6958950693 74.770000000 1.4000000000 3.1129447798
 288.32000000 751464.68183 3296463.6245 350.88711203 288.28288797 -0.718169257 3.7244834979 76.683801648 1.4492454352 0.4398498143
 292.99000000 751464.79919 3296463.6503 346.21865854 292.95134146 -0.600811864 3.7503027967 78.470000000 1.5000000000 0.4398498143
 297.64500000 751464.92728 3296463.6703 341.56546771 297.60453229 -0.472721354 3.7703405549 83.444418172 1.6949491666 1.5407006329
 302.30000000 751465.07276 3296463.6817 336.91275893 302.25724107 -0.327240778 3.7817411469 87.370000000 1.9000000000 1.5407006329
 306.99000000 751465.23222 3296463.6867 332.22547401 306.94452599 -0.167777441 3.7866651122 89.049988327 1.9992228096 0.7323860960
 311.68000000 751465.39994 3296463.6872 327.53847477 311.63152523 -0.000055855 3.7871666420 90.570000000 2.1000000000 0.7323860960
 316.52500000 751465.58155 3296463.6820 322.69688320 316.47311680 0.1815470204 3.7819689144 92.660901349 2.1986638995 0.7802825033
 321.37000000 751465.77130 3296463.6699 317.85561625 321.31438375 0.3712950895 3.7699081413 94.570000000 2.3000000000 0.7802825033
 326.13500000 751465.96568 3296463.6510 313.09462135 326.07537865 0.5656816887 3.7510066959 96.497065060 2.3987526739 0.7961050922
 330.90000000 751466.16760 3296463.6248 308.33397472 330.83602528 0.7676007954 3.7247753735 98.270000000 2.5000000000 0.7961050922
 335.45500000 751466.36050 3296463.5984 303.78313810 335.38686190 0.9605015444 3.6984295626 97.263729341 2.3995981716 0.7193634770
 340.01000000 751466.54596 3296463.5765 299.23196857 339.93803143 1.1459628930 3.6765495013 96.170000000 2.3000000000 0.7193634770
 344.77500000 751466.72933 3296463.5530 294.47055800 344.69944200 1.3293260334 3.6530097788 98.542059197 2.1478833621 1.1192081488
 349.54000000 751466.89917 3296463.5235 289.70867943 349.46132057 1.4991737402 3.6234966842 101.27000000 2.0000000000 1.1192081488
 354.33000000 751467.07353 3296463.4897 284.92197708 354.24802292 1.6735310735 3.5896811271 100.71447126 2.2499154705 1.5705218114
 359.12000000 751467.26871 3296463.4536 280.13609527 359.03390473 1.8687105856 3.5535753011 100.27000000 2.5000000000 1.5705218114
 363.93000000 751467.47735 3296463.4165 275.33076533 363.83923467 2.0773520885 3.5165455798 99.862161913 2.5499379641 0.3310075019
 368.74000000 751467.69038 3296463.3803 270.52562213 368.64437787 2.2903808786 3.4802689739 99.470000000 2.6000000000 0.3310075019
 373.54500000 751467.90690 3296463.3412 265.72566207 373.44433793 2.5069029618 3.4412496970 100.94734482 2.6491529486 0.5220643934
 378.35000000 751468.12647 3296463.2959 260.92589588 378.24410412 2.7264716041 3.3959173625 102.37000000 2.7000000000 0.5220643934
 383.15500000 751468.35069 3296463.2427 256.12642602 383.04357398 2.9506907946 3.3427274758 104.28604181 2.7985447293 0.8412257103
 387.96000000 751468.58116 3296463.1801 251.32736583 387.84263417 3.1811640009 3.2801356842 106.07000000 2.9000000000 0.8412257103
 392.79000000 751468.81813 3296463.1057 246.50375798 392.66624202 3.4181280886 3.2057148842 108.75664696 2.9969207628 1.0482510987
 397.62000000 751469.05939 3296463.0177 241.68059132 397.48940868 3.6593885918 3.1177384355 111.27000000 3.1000000000 1.0482510987
 402.39000000 751469.30293 3296462.9159 236.91790362 402.25209638 3.9029316597 3.0159215382 114.04226378 3.2465392731 1.3342643786
 407.16000000 751469.55279 3296462.7976 232.15592389 407.01407611 4.1527899945 2.8976257346 116.57000000 3.4000000000 1.3342643786
 411.95500000 751469.81316 3296462.6598 227.36998823 411.80001177 4.4131630519 2.7597828233 119.13425780 3.6468219194 1.8317935683
 416.75000000 751470.08560 3296462.5007 222.58538450 416.58461550 4.6855958246 2.6006524125 121.37000000 3.9000000000 1.8317935683
 421.58000000 751470.36763 3296462.3206 217.76699263 421.40300737 4.9676301019 2.4205740816 123.70323742 4.0468922315 1.3566152723
 426.41000000 751470.65274 3296462.1224 212.94949383 426.22050617 5.2527445100 2.2223649570 125.87000000 4.2000000000 1.3566152723
 431.18500000 751470.93962 3296461.9117 208.18777864 430.98222136 5.5396227277 2.0117013785 126.69753503 4.3495781071 1.0165077868
 435.96000000 751471.23348 3296461.6895 203.42701162 435.74298838 5.8334779857 1.7895384287 127.47000000 4.5000000000 1.0165077868
 440.74500000 751471.53174 3296461.4549 198.65708612 440.51291388 6.1317420795 1.5548873642 128.90037544 4.5986333868 0.9424852120
 445.53000000 751471.83060 3296461.2077 193.88783040 445.28216960 6.4306015722 1.3077139738 130.27000000 4.7000000000 0.9424852120
 450.29500000 751472.12443 3296460.9479 189.13900518 450.03099482 6.7244315043 1.0478604757 132.69522001 4.7458529404 1.2898187804
 455.06000000 751472.41011 3296460.6731 184.39052430 454.77947570 7.0101065864 0.7730516442 135.07000000 4.8000000000 1.2898187804
 459.81000000 751472.70462 3296460.4015 179.65745686 459.51254314 7.3046189711 0.5015019504 130.32512511 4.8839565130 2.5836898906
 464.56000000 751473.02673 3296460.1497 174.92509756 464.24490244 7.6267259251 0.2496553739 125.77000000 5.0000000000 2.5836898906
 469.33000000 751473.36550 3296459.9051 170.17343081 468.99656919 7.9655045412 0.0051340228 125.87098754 5.0499923489 0.3193009630
 474.10000000 751473.70721 3296459.6576 165.42213048 473.74786952 8.3072138245 -0.242410776 125.97000000 5.1000000000 0.3193009630
 478.84000000 751474.04647 3296459.4077 160.70089341 478.46910659 8.6464693741 -0.492257280 126.77000000 5.0995054938 0.4500831965
 483.58000000 751474.38220 3296459.1532 155.97965633 483.19034367 8.9822032806 -0.746816403 127.57000000 5.1000000000 0.4500831965
 488.31500000 751474.71677 3296458.8944 151.26358580 487.90641420 9.3167652745 -1.005602315 127.87290480 5.1499297913 0.3598096164
 493.05000000 751475.05321 3296458.6313 146.54788617 492.62211383 9.6532097969 -1.268671288 128.17000000 5.2000000000 0.3598096164
 497.81000000 751475.39072 3296458.3563 141.80783971 497.36216029 9.9907188608 -1.543667329 130.15670166 5.2969493246 1.2980781659
 502.57000000 751475.72491 3296458.0646 137.06856065 502.10143935 10.324909120 -1.835431681 132.07000000 5.4000000000 1.2980781659
 507.34000000 751476.06600 3296457.7735 132.31968640 506.85031360 10.666002987 -2.126457360 128.87000000 5.3916297830 1.8930279952
 512.11000000 751476.42282 3296457.5020 127.57081214 511.59918786 11.022822231 -2.397973474 125.67000000 5.4000000000 1.8930279952
 516.85500000 751476.78665 3296457.2362 122.84725872 516.32274128 11.386649043 -2.663845119 126.63722124 5.4992488766 0.8549864317
 521.60000000 751477.15259 3296456.9593 118.12449906 521.04550094 11.752593386 -2.940685284 127.57000000 5.6000000000 0.8549864317
 526.39000000 751477.52409 3296456.6722 113.35756408 525.81243592 12.124088567 -3.227774805 127.82220523 5.6499465682 0.3490344921
 531.18000000 751477.89761 3296456.3810 108.59104063 530.57895937 12.497607957 -3.519040420 128.07000000 5.7000000000 0.3490344921
 535.99000000 751478.27322 3296456.0825 103.80502927 535.36497073 12.873217901 -3.817548741 128.87693360 5.7494433100 0.5891642994
 540.80000000 751478.64786 3296455.7761 99.019438458 540.15056154 13.247856686 -4.123916300 129.67000000 5.8000000000 0.5891642994
 545.56500000 751479.02801 3296455.4743 94.279225237 544.89077476 13.628011043 -4.425653730 127.22944216 5.8948626240 1.6753420449
 550.33000000 751479.42716 3296455.1839 89.539866891 549.63013311 14.027163630 -4.716073889 124.87000000 6.0000000000 1.6753420449
 555.08000000 751479.83891 3296454.9029 84.816098686 554.35390131 14.438910881 -4.997088147 123.76094179 6.0488934002 0.7973567083
 559.83000000 751480.25943 3296454.6276 80.092767365 559.07723264 14.859426375 -5.272404003 122.67000000 6.1000000000 0.7973567083
 564.70500000 751480.69616 3296454.3451 75.245595395 563.92440461 15.296157686 -5.554913735 123.12364455 6.1498117854 0.4274126510
 569.58000000 751481.13419 3296454.0568 70.398879189 568.77112081 15.734190207 -5.843169911 123.57000000 6.2000000000 0.4274126510
 574.37500000 751481.56573 3296453.7669 65.632149456 573.53785054 16.165729001 -6.133139809 124.22517958 6.2496010220 0.5420808054
 579.17000000 751481.99738 3296453.4697 60.865875269 578.30412473 16.597376699 -6.430345553 124.87000000 6.3000000000 0.5420808054
 583.96500000 751482.42984 3296453.1663 56.100061955 583.06993804 17.029843228 -6.733691600 125.22274465 6.3498824982 0.3956176577
 588.76000000 751482.86384 3296452.8579 51.334711446 587.83528855 17.463838821 -7.042082608 125.57000000 6.4000000000 0.3956176577
 593.53500000 751483.29736 3296452.5456 46.589701505 592.58029849 17.897361314 -7.354430649 125.97308772 6.4498441519 0.4223443680
 598.31000000 751483.73204 3296452.2278 41.845159667 597.32484033 18.332035271 -7.672241403 126.37000000 6.5000000000 0.4223443680
 603.13000000 751484.17147 3296451.9008 37.056380096 602.11361990 18.771472034 -7.999169170 126.92418030 6.5497008611 0.4993155098
 607.95000000 751484.61108 3296451.5672 32.268080334 606.90191967 19.211079111 -8.332826484 127.47000000 6.6000000000 0.4993155098
 612.72000000 751485.04399 3296451.2342 27.529453373 611.64054663 19.643993043 -8.665840471 127.66847993 6.5499604442 0.3456516099
 617.49000000 751485.47247 3296450.9022 22.790351583 616.37964842 20.072472918 -8.997830645 127.87000000 6.5000000000 0.3456516099
 622.29500000 751485.90470 3296450.5651 18.016715775 621.15328423 20.504699971 -9.334876500 128.02226267 6.5999775868 0.6335585810
 627.10000000 751486.34260 3296450.2218 13.244043864 625.92595614 20.942599365 -9.678192565 128.17000000 6.7000000000 0.6335585810
 631.93000000 751486.78681 3296449.8717 8.4472759665 630.72272403 21.386808913 -10.02832675 128.32110597 6.7499770828 0.3292992162
 636.76000000 751487.23338 3296449.5178 3.6510034851 635.51899651 21.833380872 -10.38222236 128.47000000 6.8000000000 0.3292992162
 641.57500000 751487.68043 3296449.1606 -1.129876691 640.29987669 22.280428392 -10.73937223 128.77217936 6.8499069990 0.3830742296
 646.39000000 751488.12885 3296448.7985 -5.910255708 645.08025571 22.728845608 -11.10147889 129.07000000 6.9000000000 0.3830742296
 651.17000000 751488.57565 3296448.4345 -10.65538492 649.82538492 23.175646951 -11.46550576 129.27143179 6.9499580745 0.3486308666
 655.95000000 751489.02438 3296448.0663 -15.40000938 654.57000938 23.624375916 -11.83371660 129.47000000 7.0000000000 0.3486308666
 660.78500000 751489.48397 3296447.6909 -20.19845489 659.36845489 24.083973847 -12.20909334 129.01369431 7.0997832966 0.7099767283
 665.62000000 751489.95303 3296447.3139 -24.99585736 664.16585736 24.553032570 -12.58609551 128.57000000 7.2000000000 0.7099767283
 670.41500000 751490.42568 3296446.9394 -29.75278547 668.92278547 25.025675651 -12.96061641 128.21759907 7.2498661768 0.4174011832
 675.21000000 751490.90387 3296446.5652 -34.50918551 673.67918551 25.503866787 -13.33480129 127.87000000 7.3000000000 0.4174011832
 680.02000000 751491.38880 3296446.1898 -39.27993099 678.44993099 25.988804665 -13.71019541 127.61830865 7.3499308015 0.3701876927
 684.83000000 751491.87868 3296445.8140 -44.05013948 683.22013948 26.478678890 -14.08600403 127.37000000 7.4000000000 0.3701876927
 689.61500000 751492.37093 3296445.4398 -48.79501699 687.96501699 26.970929921 -14.46023561 127.11833160 7.4499298811 0.3735905909
 694.40000000 751492.86812 3296445.0652 -53.53935307 692.70935307 27.468116113 -14.83480728 126.87000000 7.5000000000 0.3735905909
 699.19500000 751493.36947 3296444.6905 -58.29333151 697.46333151 27.969466309 -15.20945589 126.67000000 7.4999548276 0.1633275475
 703.99000000 751493.87212 3296444.3176 -63.04730995 702.21730995 28.472121222 -15.58235218 126.47000000 7.5000000000 0.1633275475
 708.84000000 751494.38441 3296443.9386 -67.85526267 707.02526267 28.984407002 -15.96136137 126.52065403 7.5999971404 0.6199074482
 713.69000000 751494.90310 3296443.5542 -72.66209585 711.83209585 29.503102669 -16.34581362 126.57000000 7.7000000000 0.6199074482
 718.45500000 751495.41615 3296443.1708 -77.38385302 716.55385302 30.016153329 -16.72923264 126.97256493 7.7498134408 0.4630552114
 723.22000000 751495.92980 3296442.7813 -82.10504945 721.27504945 30.529797985 -17.11871353 127.37000000 7.8000000000 0.4630552114
 728.01500000 751496.44866 3296442.3817 -86.85511688 726.02511688 31.048662850 -17.51828272 127.82566018 7.8997594597 0.7356329260
 732.81000000 751496.97090 3296441.9730 -91.60403407 730.77403407 31.570901788 -17.92702349 128.27000000 8.0000000000 0.7356329260
 737.61500000 751497.49882 3296441.5591 -96.36198091 735.53198091 32.098820573 -18.34086615 127.91784038 8.0498517794 0.4371408596
 742.42000000 751498.03254 3296441.1460 -101.1193405 740.28934055 32.632540617 -18.75401779 127.57000000 8.1000000000 0.4371408596
 747.20500000 751498.56893 3296440.7341 -105.8563091 745.02630906 33.168928031 -19.16589307 127.46939065 8.1499877541 0.3258358437
 751.99000000 751499.10932 3296440.3207 -110.5926856 749.76268561 33.709316348 -19.57934329 127.37000000 8.2000000000 0.3258358437
 756.83000000 751499.65848 3296439.8989 -115.3829017 754.55290165 34.258482737 -20.00105881 127.67180562 8.2498884717 0.4089513167
 761.67000000 751500.20874 3296439.4718 -120.1725116 759.34251162 34.808735474 -20.42820710 127.97000000 8.3000000000 0.4089513167
 766.42000000 751500.74667 3296439.0467 -124.8727640 764.04276400 35.346672481 -20.85334893 128.67000000 8.2993891968 0.6381908165
 771.17000000 751501.27938 3296438.6150 -129.5730164 768.74301637 35.879375191 -21.28503125 129.37000000 8.3000000000 0.6381908165
 775.93000000 751501.81407 3296438.1802 -134.2828612 773.45286123 36.414069199 -21.71984068 128.86702714 8.3496865511 0.5556189505
 780.69000000 751502.35575 3296437.7475 -138.9921029 778.16210286 36.955748427 -22.15253270 128.37000000 8.4000000000 0.5556189505
 785.48000000 751502.90455 3296437.3134 -143.7307174 782.90071736 37.504545108 -22.58664649 128.32000000 8.3999968472 0.0457462454
 790.27000000 751503.45372 3296436.8797 -148.4693319 787.63933186 38.053720416 -23.02028120 128.27000000 8.4000000000 0.0457462454
 795.11500000 751504.01257 3296436.4420 -153.2620486 792.43204856 38.612569565 -23.45797481 127.86765028 8.4497970593 0.4778139357
 799.96000000 751504.57777 3296436.0057 -158.0541440 797.22414397 39.177771208 -23.89431205 127.47000000 8.5000000000 0.4778139357
 804.78500000 751505.14013 3296435.5672 -162.8261551 801.99615506 39.740129655 -24.33280543 128.42000000 8.4988486926 0.8730320038
 809.61000000 751505.69514 3296435.1194 -167.5981662 806.76816616 40.295140142 -24.78056299 129.37000000 8.5000000000 0.8730320038
 814.39500000 751506.24109 3296434.6666 -172.3303017 811.50030168 40.841094915 -25.23338269 129.97348282 8.5495381418 0.6411161171
 819.18000000 751506.78543 3296434.2054 -177.0618164 816.23181639 41.385428604 -25.69456409 130.57000000 8.6000000000 0.6411161171
 823.95000000 751507.32999 3296433.7481 -181.7785078 820.94850777 41.929987528 -26.15190549 129.47638571 8.5484476722 1.0754736301
 828.72000000 751507.88002 3296433.3039 -186.4958180 825.66581801 42.480023589 -26.59612113 128.37000000 8.5000000000 1.0754736301
 833.49000000 751508.43345 3296432.8605 -191.2128105 830.38281053 43.033447902 -27.03950790 129.02750162 8.5994549387 0.8770322876
 838.26000000 751508.98817 3296432.4056 -195.9285581 835.09855814 43.588172655 -27.49436359 129.67000000 8.7000000000 0.8770322876
 843.04000000 751509.54129 3296431.9370 -200.6532588 839.82325883 44.141289045 -27.96302652 130.87680475 8.7481107300 1.1878012009
 847.82000000 751510.08756 3296431.4541 -205.3773249 844.54732495 44.687557841 -28.44590216 132.07000000 8.8000000000 1.1878012009
 852.61500000 751510.64158 3296430.9706 -210.1156005 849.28560045 45.241576780 -28.92941223 130.15934713 8.8452115209 1.8550625857
 857.41000000 751511.21453 3296430.5031 -214.8532322 854.02323218 45.814530647 -29.39689819 128.27000000 8.9000000000 1.8550625857
 862.19500000 751511.79975 3296430.0464 -219.5803007 858.75030071 46.399747273 -29.85358531 127.66667523 8.9495172239 0.6638792931
 866.98000000 751512.39299 3296429.5934 -224.3067196 863.47671961 46.992992560 -30.30662268 127.07000000 9.0000000000 0.6638792931
 871.76500000 751512.98684 3296429.1378 -229.0328168 868.20281681 47.586840405 -30.76221546 127.92000000 8.9990258389 0.8336334623
 876.55000000 751513.57386 3296428.6734 -233.7589140 872.92891400 48.173863927 -31.22656815 128.77000000 9.0000000000 0.8336334623
 881.28500000 751514.15048 3296428.2053 -238.4352987 877.60529873 48.750480107 -31.69471145 129.37328742 9.0495120091 0.6766732659
 886.02000000 751514.72530 3296427.7285 -243.1110335 882.28103350 49.325303371 -32.17147249 129.97000000 9.1000000000 0.6766732659
 890.80500000 751515.31660 3296427.2467 -247.8348423 887.00484229 49.916601211 -32.65331604 128.39507748 9.2466747632 1.8229887734
 895.59000000 751515.93051 3296426.7735 -252.5566374 891.72663745 50.530511269 -33.12653992 126.87000000 9.4000000000 1.8229887734
 900.53000000 751516.57639 3296426.2864 -257.4299525 896.59995246 51.176386266 -33.61361610 127.17157290 9.4498728017 0.4262305692
 905.47000000 751517.22308 3296425.7934 -262.3025597 901.47255967 51.823083934 -34.10664556 127.47000000 9.5000000000 0.4262305692
 910.27500000 751517.85604 3296425.3122 -267.0413180 906.21131803 52.456044567 -34.58784230 127.01766579 9.5497108881 0.5610002900
 915.08000000 751518.49608 3296424.8335 -271.7793807 910.94938071 53.096076356 -35.06652967 126.57000000 9.6000000000 0.5610002900
 919.90500000 751519.13738 3296424.3477 -276.5368294 915.70682936 53.737384173 -35.55233822 127.72000000 9.5981023298 1.1923619076
 924.73000000 751519.76881 3296423.8491 -281.2942780 920.46427800 54.368811689 -36.05092117 128.87000000 9.6000000000 1.1923619076
 929.56000000 751520.39461 3296423.3420 -286.0566401 925.22664007 54.994614107 -36.55804775 129.17000000 9.5998708546 0.3107478371
 934.39000000 751521.01775 3296422.8316 -290.8190021 929.98900214 55.617752632 -37.06844408 129.47000000 9.6000000000 0.3107478371
 939.15500000 751521.63030 3296422.3222 -295.5169300 934.68692998 56.230296107 -37.57783896 130.02282283 9.6495637666 0.6603091490
 943.92000000 751522.24105 3296421.8043 -300.2141608 939.38416078 56.841048315 -38.09574169 130.57000000 9.7000000000 0.6603091490
 948.75000000 751522.85899 3296421.2747 -304.9751086 944.14510857 57.458992159 -38.62529008 130.62000000 9.6999963767 0.0523258878
 953.58000000 751523.47647 3296420.7446 -309.7360564 948.90605636 58.076473649 -39.15537753 130.67000000 9.7000000000 0.0523258878
 958.42000000 751524.09981 3296420.2157 -314.5065115 953.67651153 58.699814273 -39.68433323 129.96644480 9.7492863372 0.7974406513
 963.26000000 751524.73278 3296419.6917 -319.2762514 958.44625141 59.332777521 -40.20828848 129.27000000 9.8000000000 0.7974406513
 968.05500000 751525.36667 3296419.1744 -324.0009257 963.17092571 59.966671750 -40.72564159 129.16949740 9.8499852918 0.3306283449
 972.85000000 751526.00467 3296418.6555 -328.7248842 967.89488419 60.604666502 -41.24448879 129.07000000 9.9000000000 0.3306283449
 977.64000000 751526.64610 3296418.1357 -333.4431981 972.61319806 61.246098856 -41.76427437 128.96950255 9.9499851485 0.3313236227
 982.43000000 751527.29164 3296417.6145 -338.1607897 977.33078968 61.891640707 -42.28552620 128.87000000 10.000000000 0.3313236227
 987.25000000 751527.94745 3296417.0878 -342.9068308 982.07683082 62.547448741 -42.81221647 128.66804035 10.099939740 0.6595753119
 992.07000000 751528.61157 3296416.5582 -347.6513967 986.82139670 63.211566655 -43.34177801 128.47000000 10.200000000 0.6595753119
 996.84000000 751529.27451 3296416.0315 -352.3456406 991.51564059 63.874510157 -43.86854058 128.47000000 10.250000000 0.3144654088
 1001.6100000 751529.94066 3296415.5021 -357.0391438 996.20914376 64.540660696 -44.39785139 128.47000000 10.300000000 0.3144654088
 1006.3400000 751530.60510 3296414.9756 -361.6925507 1000.8625507 65.205097786 -44.92437317 128.31928326 10.349965298 0.3602534922
 1011.0700000 751531.27410 3296414.4483 -366.3452161 1005.5152161 65.874100068 -45.45166723 128.17000000 10.400000000 0.3602534922
 1015.8000000 751531.94423 3296413.9192 -370.9975101 1010.1675101 66.544227272 -45.98080685 128.42000000 10.399903160 0.2862345525
 1020.5300000 751532.61204 3296413.3871 -375.6498041 1014.8198041 67.212039286 -46.51286541 128.67000000 10.400000000 0.2862345525
 1025.3500000 751533.29489 3296412.8446 -380.3902409 1019.5602409 67.894892687 -47.05542040 128.26810736 10.449750956 0.5484048942
 1030.1700000 751533.98477 3296412.3043 -385.1299148 1024.2999148 68.584773744 -47.59574562 127.87000000 10.500000000 0.5484048942
 1035.0450000 751534.68652 3296411.7561 -389.9228952 1029.0928952 69.286523641 -48.14393147 128.12117142 10.549901828 0.4171537325
 1039.9200000 751535.38916 3296411.2022 -394.7150967 1033.8850967 69.989159642 -48.69776306 128.37000000 10.600000000 0.4171537325
 1044.5950000 751536.06293 3296410.6678 -399.3103196 1038.4803196 70.662927267 -49.23216773 128.47000000 10.599984221 0.1180435895
 1049.2700000 751536.73576 3296410.1323 -403.9055426 1043.0755426 71.335761152 -49.76774755 128.57000000 10.600000000 0.1180435895
 1054.0300000 751537.41988 3296409.5857 -408.5843150 1047.7543150 72.019875580 -50.31426001 128.67000000 10.599984221 0.1159356683
 1058.7900000 751538.10304 3296409.0380 -413.2630874 1052.4330874 72.703035122 -50.86196564 128.77000000 10.600000000 0.1159356683
 1063.6400000 751538.80340 3296408.4821 -418.0299409 1057.1999409 73.403400827 -51.41791985 128.11698345 10.649330365 0.8048208521
 1068.4900000 751539.51332 3296407.9316 -422.7960123 1061.9660123 74.113315667 -51.96844204 127.47000000 10.700000000 0.8048208521
 1073.2750000 751540.21866 3296407.3914 -427.4978146 1066.6678146 74.818661122 -52.50859769 127.42000000 10.699996020 0.0582026936
 1078.0600000 751540.92448 3296406.8519 -432.1996168 1071.3696168 75.524477683 -53.04813761 127.37000000 10.700000000 0.0582026936
 1082.8600000 751541.63270 3296406.3075 -436.9157708 1076.0857708 76.232698173 -53.59248233 127.72160878 10.749804107 0.5139378333
 1087.6600000 751542.34083 3296405.7563 -441.6311435 1080.8011435 76.940827794 -54.14367088 128.07000000 10.800000000 0.5139378333
 1092.4450000 751543.04500 3296405.2013 -446.3313901 1085.5013901 77.644997246 -54.69869365 128.42000000 10.799803235 0.4111791006
 1097.2300000 751543.74576 3296404.6420 -451.0316366 1090.2016366 78.345763109 -55.25800760 128.77000000 10.800000000 0.4111791006
 1102.0650000 751544.45188 3296404.0744 -455.7809955 1094.9509955 79.051883808 -55.82564177 128.82000000 10.799995984 0.0581327688
 1106.9000000 751545.15751 3296403.5061 -460.5303544 1099.7003544 79.757508883 -56.39389193 128.87000000 10.800000000 0.0581327688
 1111.7350000 751545.86795 3296402.9406 -465.2793258 1104.4493258 80.467952169 -56.95936078 128.16681269 10.849209495 0.8744376674
 1116.5700000 751546.58852 3296402.3814 -470.0275028 1109.1975028 81.188524638 -57.51864873 127.47000000 10.900000000 0.8744376674
 1120.8250000 751547.22835 3296401.8905 -474.2053856 1113.3753856 81.828345105 -58.00951455 127.52022552 10.949995931 0.3588298593
 1125.0800000 751547.87063 3296401.3968 -478.3825630 1117.5525630 82.470627459 -58.50316009 127.57000000 11.000000000 0.3588298593
 1129.8100000 751548.58538 3296400.8425 -483.0252687 1122.1952687 83.185381764 -59.05751059 128.02201093 11.049667586 0.6323018199
 1134.5400000 751549.29894 3296400.2800 -487.6671833 1126.8371833 83.898941897 -59.61996553 128.47000000 11.100000000 0.6323018199
 1139.2800000 751550.01425 3296399.7101 -492.3181121 1131.4881121 84.614248297 -60.18987396 128.62066413 11.149962748 0.3658519168
 1144.0200000 751550.73123 3296399.1358 -496.9682411 1136.1382411 85.331227719 -60.76419028 128.77000000 11.200000000 0.3658519168
 1148.8300000 751551.46366 3296398.5559 -501.6866469 1140.8566469 86.063658645 -61.34408411 127.97000000 11.198935864 0.9691223860
 1153.6400000 751552.20412 3296397.9863 -506.4050528 1145.5750528 86.804115131 -61.91369460 127.17000000 11.200000000 0.9691223860
 1158.4300000 751552.94360 3296397.4184 -511.1034303 1150.2734303 87.543602576 -62.48158061 127.87307118 11.249181836 0.9108000471
 1163.2200000 751553.67932 3296396.8390 -515.8009924 1154.9709924 88.279317827 -63.06099545 128.57000000 11.300000000 0.9108000471
 1167.9600000 751554.40574 3296396.2603 -520.4491059 1159.6191059 89.005737800 -63.63974808 128.52000000 11.299995808 0.0620082660
 1172.7000000 751555.13266 3296395.6821 -525.0972194 1164.2672194 89.732662553 -64.21786657 128.47000000 11.300000000 0.0620082660
 1177.4900000 751555.87191 3296395.1005 -529.7939591 1168.9639591 90.471908412 -64.79945383 127.91760879 11.349490653 0.7467366681
 1182.2800000 751556.61995 3296394.5236 -534.4898761 1173.6598761 91.219948285 -65.37642120 127.37000000 11.400000000 0.7467366681
 1187.1150000 751557.38058 3296393.9416 -539.2290699 1178.3990699 91.980584636 -65.95839925 127.47043085 11.449983022 0.3337943104
 1191.9500000 751558.14348 3296393.3558 -543.9674260 1183.1374260 92.743484014 -66.54422257 127.57000000 11.500000000 0.3337943104
 1196.7850000 751558.91597 3296392.7621 -548.7032440 1187.8732440 93.515972254 -67.13792111 127.51895112 11.749995652 1.5524746930
 1201.6200000 751559.70537 3296392.1565 -553.4347658 1192.6047658 94.305365766 -67.74351758 127.47000000 12.000000000 1.5524746930
 1206.4400000 751560.50454 3296391.5450 -558.1485605 1197.3185605 95.104536292 -68.35495817 127.36918587 12.099982115 0.6359329819
 1211.2600000 751561.31131 3296390.9300 -562.8605918 1202.0305918 95.911314269 -68.96998992 127.27000000 12.200000000 0.6359329819
 1216.0750000 751562.12487 3296390.3121 -567.5659592 1206.7359592 96.724867341 -69.58794453 127.16919952 12.299981837 0.6370328645
 1220.8900000 751562.94604 3296389.6906 -572.2695364 1211.4395364 97.546044832 -70.20943343 127.07000000 12.400000000 0.6370328645
 1221.7450000 751563.09263 3296389.5794 -573.1045111 1212.2745111 97.692633320 -70.32058162 127.27079053 12.449926517 2.3166088386
 1222.6000000 751563.23941 3296389.4673 -573.9393250 1213.1093250 97.839411964 -70.43268304 127.47000000 12.500000000 2.3166088386
 1227.4050000 751564.06495 3296388.8282 -578.6295242 1217.7995242 98.664951775 -71.07184341 128.02429462 12.599438049 0.9751372962
 1232.2100000 751564.89074 3296388.1760 -583.3178940 1222.4878940 99.490741554 -71.72397109 128.57000000 12.700000000 0.9751372962
 1236.9600000 751565.71094 3296387.5232 -587.9507697 1227.1207697 100.31093745 -72.37683842 128.46923179 12.799981148 0.6468924801
 1241.7100000 751566.53861 3296386.8667 -592.5818086 1231.7518086 101.13860543 -73.03329700 128.37000000 12.900000000 0.6468924801
 1246.5450000 751567.38502 3296386.1935 -597.2943089 1236.4643089 101.98501772 -73.70646033 128.62094876 12.949880883 0.4659253811
 1251.3800000 751568.23169 3296385.5141 -602.0058637 1241.1758637 102.83169187 -74.38588397 128.87000000 13.000000000 0.4659253811
 1256.1800000 751569.07306 3296384.8341 -606.6823688 1245.8523688 103.67305878 -75.06588353 129.02056474 13.049956810 0.3774488134
 1260.9800000 751569.91581 3296384.1493 -611.3579281 1250.5279281 104.51580955 -75.75065672 129.17000000 13.100000000 0.3774488134
 1265.8050000 751570.76749 3296383.4536 -616.0559258 1255.2259258 105.36748565 -76.44641253 129.32166774 13.249956200 0.9568230553
 1270.6300000 751571.62684 3296382.7478 -620.7510283 1259.9210283 106.22683925 -77.15219918 129.47000000 13.400000000 0.9568230553
 1275.4200000 751572.48816 3296382.0379 -625.4091664 1264.5791664 107.08816055 -77.86210178 129.52054315 13.549995031 0.9423175132
 1280.2100000 751573.35826 3296381.3195 -630.0643665 1269.2343665 107.95826291 -78.58051766 129.57000000 13.700000000 0.9423175132
 1285.0300000 751574.24680 3296380.5931 -634.7457434 1273.9157434 108.84679661 -79.30687338 128.96362862 13.849269915 1.2925403963
 1289.8500000 751575.15245 3296379.8685 -639.4240996 1278.5940996 109.75245412 -80.03154020 128.37000000 14.000000000 1.2925403963
 1294.6500000 751576.06702 3296379.1463 -644.0805040 1283.2505040 110.66701596 -80.75366771 128.21895773 14.099953610 0.6654200819
 1299.4500000 751576.98986 3296378.4216 -648.7348675 1287.9048675 111.58985525 -81.47841700 128.07000000 14.200000000 0.6654200819
 1304.2700000 751577.92455 3296377.6908 -653.4065602 1292.5765602 112.52454801 -82.20919103 127.96931528 14.299979114 0.6411107227
 1309.0900000 751578.86695 3296376.9567 -658.0761750 1297.2461750 113.46694551 -82.94334241 127.87000000 14.400000000 0.6411107227
 1313.8750000 751579.81112 3296376.2258 -662.7098064 1301.8798064 114.41112222 -83.67423689 127.61831282 14.499867795 0.7396505966
 1318.6600000 751580.76489 3296375.4941 -667.3413469 1306.5113469 115.36489411 -84.40592621 127.37000000 14.600000000 0.7396505966
 1323.4800000 751581.73696 3296374.7551 -672.0041113 1311.1741113 116.33695713 -85.14491608 127.11751402 14.749865726 1.0141781598
 1328.3000000 751582.72198 3296374.0130 -676.6636629 1315.8336629 117.32198171 -85.88700058 126.87000000 14.900000000 1.0141781598
 1333.0950000 751583.71255 3296373.2721 -681.2963586 1320.4663586 118.31255405 -86.62788873 126.71902295 14.999950915 0.6711451340
 1337.8900000 751584.71155 3296372.5290 -685.9268883 1325.0968883 119.31154858 -87.37100584 126.57000000 15.100000000 0.6711451340
 1342.7200000 751585.72600 3296371.7812 -690.5895755 1329.7595755 120.32599609 -88.11876129 126.21887192 15.149730330 0.6474790052
 1347.5500000 751586.74828 3296371.0373 -695.2511611 1334.4211611 121.34828209 -88.86269987 125.87000000 15.200000000 0.6474790052
 1352.3850000 751587.77413 3296370.2758 -699.9143012 1339.0843012 122.37412958 -89.62418971 127.29210651 15.445609357 2.7854807274
 1357.2200000 751588.79710 3296369.4770 -704.5718212 1343.7418212 123.39709723 -90.42303274 128.67000000 15.700000000 2.7854807274
 1362.0600000 751589.82247 3296368.6556 -709.2301040 1348.4001040 124.42247262 -91.24437324 128.72030839 15.799994284 0.6255521652
 1366.9000000 751590.85347 3296367.8283 -713.8860868 1353.0560868 125.45347039 -92.07169534 128.77000000 15.900000000 0.6255521652
 1371.6850000 751591.87866 3296367.0049 -718.4868726 1357.6568726 126.47866105 -92.89508637 128.77000000 16.000000000 0.6269592476
 1376.4700000 751592.91011 3296366.1765 -723.0853565 1362.2553565 127.51011077 -93.72350442 128.77000000 16.100000000 0.6269592476
 1381.2650000 751593.94915 3296365.3435 -727.6917122 1366.8617122 128.54914775 -94.55651892 128.66969865 16.149976685 0.3579735571
 1386.0600000 751594.99278 3296364.5098 -732.2969039 1371.4669039 129.59277732 -95.39022734 128.57000000 16.200000000 0.3579735571
 1390.8850000 751596.05025 3296363.6703 -736.9291461 1376.0991461 130.65025086 -96.22968990 128.31850785 16.299853078 0.7595462764
 1395.7100000 751597.11773 3296362.8305 -741.5590249 1380.7290249 131.71772953 -97.06952828 128.07000000 16.400000000 0.7595462764
 1400.5000000 751598.18254 3296361.9934 -746.1535496 1385.3235496 132.78253754 -97.90656049 128.27059111 16.449905199 0.4731633045
 1405.2900000 751599.24756 3296361.1502 -750.7468907 1389.9168907 133.84756038 -98.74979301 128.47000000 16.500000000 0.4731633045
 1410.1250000 751600.32465 3296360.2951 -755.3821844 1394.5521844 134.92465459 -99.60486221 128.41985317 16.549994043 0.3225787308
 1414.9600000 751601.40566 3296359.4385 -760.0162763 1399.1862763 136.00566447 -100.4615031 128.37000000 16.600000000 0.3225787308
 1419.7850000 751602.48722 3296358.5806 -764.6395810 1403.8095810 137.08722107 -101.3193559 128.47029180 16.649976045 0.3583071276
 1424.6100000 751603.57044 3296357.7184 -769.2616793 1408.4316793 138.17043502 -102.1816075 128.57000000 16.700000000 0.3583071276
 1429.4400000 751604.66066 3296356.8529 -773.8867509 1413.0567509 139.26065650 -103.0470677 128.31855479 16.799849091 0.7662945421
 1434.2700000 751605.76099 3296355.9872 -778.5093859 1417.6793859 140.36098634 -103.9127528 128.07000000 16.900000000 0.7662945421
 1439.0750000 751606.86691 3296355.1242 -783.1050431 1422.2750431 141.46690650 -104.7758203 127.86829270 17.049902157 1.0055426052
 1443.8800000 751607.98534 3296354.2576 -787.6970119 1426.8670119 142.58533936 -105.6423883 127.67000000 17.200000000 1.0055426052
 1448.6800000 751609.10737 3296353.3819 -792.2811219 1431.4511219 143.70737076 -106.5181490 128.27336229 17.299108065 1.2783253346
 1453.4800000 751610.22642 3296352.4894 -796.8627405 1436.0327405 144.82642357 -107.4105988 128.87000000 17.400000000 1.2783253346
 1458.2900000 751611.35298 3296351.5855 -801.4507511 1440.6207511 145.95297906 -108.3145432 128.61793048 17.549843203 1.0470443049
 1463.1000000 751612.49287 3296350.6790 -806.0349645 1445.2049645 147.09286507 -109.2210369 128.37000000 17.700000000 1.0470443049
 1467.8800000 751613.63257 3296349.7709 -810.5874211 1449.7574211 148.23257152 -110.1291092 128.72190265 17.799688861 0.9191314790
 1472.6600000 751614.77289 3296348.8509 -815.1373275 1454.3073275 149.37289194 -111.0491143 129.07000000 17.900000000 0.9191314790
 1477.4800000 751615.93141 3296347.9180 -819.7220771 1458.8920771 150.53141407 -111.9819984 128.61638484 18.049479437 1.2746329343
 1482.3000000 751617.10663 3296346.9868 -824.3029168 1463.4729168 151.70663073 -112.9132064 128.17000000 18.200000000 1.2746329343
 1487.0650000 751618.28024 3296346.0684 -828.8288865 1467.9988865 152.88024372 -113.8316023 127.91933839 18.249837788 0.5848553774
 1491.8300000 751619.46097 3296345.1527 -833.3535540 1472.5235540 154.06097342 -114.7472887 127.67000000 18.300000000 0.5848553774
 1496.6000000 751620.64801 3296344.2329 -837.8810060 1477.0510060 155.24800965 -115.6670795 127.87104934 18.399895454 0.7437687095
 1501.3700000 751621.83806 3296343.3041 -842.4058302 1481.5758302 156.43805551 -116.5958684 128.07000000 18.500000000 0.7437687095
 1506.1450000 751623.03159 3296342.3676 -846.9334144 1486.1034144 157.63158758 -117.5323966 128.17026006 18.549973680 0.3723313496
 1510.9200000 751624.22659 3296341.4265 -851.4596730 1490.6296730 158.82658694 -118.4734506 128.27000000 18.600000000 0.3723313496
 1515.7000000 751625.42584 3296340.4787 -855.9886737 1495.1586737 160.02584055 -119.4212571 128.37051564 18.699973499 0.6590824087
 1520.4800000 751626.62963 3296339.5239 -860.5149996 1499.6849996 161.22962934 -120.3760659 128.47000000 18.800000000 0.6590824087
 1525.3150000 751627.85070 3296338.5528 -865.0913685 1504.2613685 162.45069947 -121.3471783 128.52012781 18.849993329 0.3260284671
 1530.1500000 751629.07404 3296337.5782 -869.6663741 1508.8363741 163.67404472 -122.3218441 128.57000000 18.900000000 0.3260284671
 1534.9350000 751630.28825 3296336.6116 -874.1927161 1513.3627161 164.88825458 -123.2883559 128.46974584 18.949973197 0.3737945304
 1539.7200000 751631.50724 3296335.6448 -878.7177022 1517.8877022 166.10724372 -124.2552011 128.37000000 19.000000000 0.3737945304
 1544.5100000 751632.73085 3296334.6716 -883.2453760 1522.4153760 167.33085220 -125.2283620 128.62126006 19.099831360 0.8091644105
 1549.3000000 751633.95636 3296333.6882 -887.7703143 1526.9403143 168.55636430 -126.2117968 128.87000000 19.200000000 0.8091644105
 1554.1300000 751635.19505 3296332.6907 -892.3309586 1531.5009586 169.79505407 -127.2093283 128.81987505 19.249993209 0.3270018503
 1558.9600000 751636.43772 3296331.6917 -896.8902133 1536.0602133 171.03771533 -128.2082718 128.77000000 19.300000000 0.3270018503
 1563.7350000 751637.67231 3296330.7055 -901.3961782 1540.5661782 172.27230637 -129.1945189 128.46925450 19.349754469 0.6990637084
 1568.5100000 751638.91513 3296329.7233 -905.9007624 1545.0707624 173.51512906 -130.1767260 128.17000000 19.400000000 0.6990637084
 1573.3300000 751640.17451 3296328.7315 -910.4463970 1549.6163970 174.77450717 -131.1684775 128.27024712 19.449972600 0.3738989036
 1578.1500000 751641.43526 3296327.7351 -914.9906309 1554.1606309 176.03526416 -132.1648848 128.37000000 19.500000000 0.3738989036
 1582.9250000 751642.68777 3296326.7461 -919.4910491 1558.6610491 177.28777030 -133.1538672 128.21963137 19.549938084 0.4451191160
 1587.7000000 751643.94595 3296325.7580 -923.9900730 1563.1600730 178.54594950 -134.1419926 128.07000000 19.600000000 0.4451191160
 1592.5400000 751645.22505 3296324.7516 -928.5482152 1567.7182152 179.82504518 -135.1483940 128.32121864 19.699826908 0.8105831385
 1597.3800000 751646.50597 3296323.7347 -933.1035098 1572.2735098 181.10596627 -136.1653119 128.57000000 19.800000000 0.8105831385
 1602.1600000 751647.77586 3296322.7239 -937.5995051 1576.7695051 182.37586297 -137.1761441 128.46951786 19.899972071 0.6629752304
 1606.9400000 751649.05367 3296321.7104 -942.0926608 1581.2626608 183.65366797 -138.1896332 128.37000000 20.000000000 0.6629752304
 1611.6900000 751650.33017 3296320.6960 -946.5540712 1585.7240712 184.93016794 -139.2039554 128.57142695 20.149887120 1.0425140624
 1616.4400000 751651.61223 3296319.6700 -951.0111978 1590.1811978 186.21223434 -140.2300217 128.77000000 20.300000000 1.0425140624
 1621.2650000 751652.92456 3296318.6245 -955.5350601 1594.7050601 187.52456348 -141.2755200 128.31788808 20.399422669 1.1565976755
 1626.0900000 751654.25128 3296317.5845 -960.0559870 1599.2259870 188.85127537 -142.3155489 127.87000000 20.500000000 1.1565976755
 1630.8800000 751655.58039 3296316.5546 -964.5411829 1603.7111829 190.18039474 -143.3453794 127.66907132 20.599885040 0.7658243580
 1635.6700000 751656.91930 3296315.5247 -969.0234373 1608.1934373 191.51930344 -144.3753357 127.47000000 20.700000000 0.7658243580
 1637.8150000 751657.52156 3296315.0626 -971.0296338 1610.1996338 192.12156074 -144.8373819 127.52011517 20.749992772 0.7418922659
 1639.9600000 751658.12480 3296314.5990 -973.0351670 1612.2051670 192.72480249 -145.3010203 127.57000000 20.800000000 0.7418922659
 1644.6900000 751659.45820 3296313.5619 -977.4532348 1616.6232348 194.05820135 -146.3381135 128.17680265 21.048947034 2.0933750008
 1649.4200000 751660.79575 3296312.4989 -981.8638896 1621.0338896 195.39574758 -147.4010963 128.77000000 21.300000000 2.0933750008
 1654.2050000 751662.15451 3296311.4056 -986.3197524 1625.4897524 196.75451337 -148.4943728 128.87066632 21.449970299 0.9679816674
 1658.9900000 751663.52044 3296310.3027 -990.7710342 1629.9410342 198.12044029 -149.5973439 128.97000000 21.600000000 0.9679816674
 1663.7500000 751664.89529 3296309.1885 -995.1898443 1634.3598443 199.49528586 -150.7115252 129.07193910 22.049969646 2.8459829592
 1668.5100000 751666.29507 3296308.0500 -999.5946195 1638.7646195 200.89506741 -151.8499668 129.17000000 22.500000000 2.8459829592
 1673.2950000 751667.72930 3296306.8932 -1004.010589 1643.1805893 202.32930201 -153.0068281 128.61314897 22.799057111 2.3071527110
 1678.0800000 751669.19269 3296305.7358 -1008.416850 1647.5868503 203.79269056 -154.1641979 128.07000000 23.100000000 2.3071527110
 1682.8950000 751670.68140 3296304.5666 -1012.844142 1652.0141415 205.28140226 -155.3334055 128.22061083 23.199928906 0.7236998679
 1687.7100000 751672.17311 3296303.3887 -1017.268122 1656.4381222 206.77311009 -156.5112933 128.37000000 23.300000000 0.7236998679
 1692.5100000 751673.66364 3296302.2065 -1021.675006 1660.8450065 208.26363886 -157.6935321 128.47040332 23.399968193 0.6724847774
 1697.3100000 751675.15812 3296301.0168 -1026.078564 1665.2485636 209.75811743 -158.8831589 128.57000000 23.500000000 0.6724847774
 1702.1000000 751676.65287 3296299.8217 -1030.469614 1669.6396139 211.25287198 -160.0783483 128.72059924 23.599927967 0.7305575627
 1706.8900000 751678.15046 3296298.6178 -1034.857317 1674.0273173 212.75046328 -161.2822468 128.87000000 23.700000000 0.7305575627
 1711.7600000 751679.68175 3296297.3890 -1039.314031 1678.4840313 214.28174827 -162.5109643 128.61851954 23.849798304 1.1142564499
 1716.6300000 751681.22751 3296296.1598 -1043.765590 1682.9355901 215.82750658 -163.7402470 128.37000000 24.000000000 1.1142564499
 1721.4600000 751682.77236 3296294.9399 -1048.176300 1687.3462997 217.37236304 -164.9600630 128.21941474 24.099926814 0.7283636089
 1726.2900000 751684.32646 3296293.7194 -1052.583567 1691.7535671 218.92645954 -166.1805833 128.07000000 24.200000000 0.7283636089
 1731.1300000 751685.89089 3296292.4930 -1056.996495 1696.1664950 220.49089468 -167.4070431 128.12019327 24.299991818 0.6328191642
 1735.9700000 751687.46031 3296291.2604 -1061.405947 1700.5759467 222.06031381 -168.6396230 128.17000000 24.400000000 0.6328191642
 1740.7450000 751689.01451 3296290.0364 -1065.751875 1704.9218749 223.61450803 -169.8635509 128.27057314 24.549967021 0.9778918602
 1745.5200000 751690.57548 3296288.8028 -1070.092609 1709.2626091 225.17548483 -171.0972400 128.37000000 24.700000000 0.9778918602
 1750.3000000 751692.14430 3296287.5573 -1074.432660 1713.6026604 226.74429593 -172.3427003 128.52084794 24.849925128 1.0211717809
 1755.0800000 751693.71872 3296286.3007 -1078.767453 1717.9374528 228.31871613 -173.5993470 128.67000000 25.000000000 1.0211717809
 1759.8000000 751695.27795 3296285.0506 -1083.043483 1722.2134834 229.87795481 -174.8494391 128.77037259 25.099966478 0.6904140885
 1764.5200000 751696.84082 3296283.7931 -1087.316019 1726.4860194 231.44082155 -176.1069273 128.87000000 25.200000000 0.6904140885
 1769.4050000 751698.45388 3296282.4741 -1091.734335 1730.9043347 233.05388142 -177.4258952 129.67295401 25.297842147 2.1875117177
 1774.2900000 751700.05427 3296281.1278 -1096.149006 1735.3190063 234.65426684 -178.7722195 130.47000000 25.400000000 2.1875117177
 1779.0850000 751701.61358 3296279.7697 -1100.475204 1739.6452038 236.21357503 -180.1303065 131.63251331 25.695490755 3.6408994918
 1783.8800000 751703.16207 3296278.3654 -1104.790514 1743.9605136 237.76207343 -181.5346147 132.77000000 26.000000000 3.6408994918
 1788.7100000 751704.71351 3296276.9163 -1109.128938 1748.2989382 239.31350876 -182.9837428 133.32293281 26.148955688 1.7704944287
 1793.5400000 751706.25918 3296275.4445 -1113.461790 1752.6317899 240.85918274 -184.4555242 133.87000000 26.300000000 1.7704944287
 1798.3750000 751707.80238 3296273.9505 -1117.793507 1756.9635066 242.40237886 -185.9495017 134.27210499 26.449443196 1.4450823861
 1803.2100000 751709.34320 3296272.4378 -1122.119585 1761.2895852 243.94319503 -187.4621557 134.67000000 26.600000000 1.4450823861
 1808.0500000 751710.87419 3296270.8990 -1126.445478 1765.6154783 245.47418836 -189.0010495 135.62329700 26.696838609 2.7173077258
 1812.8900000 751712.38469 3296269.3294 -1130.767576 1769.9375758 246.98468910 -190.5705546 136.57000000 26.800000000 2.7173077258
 1817.6750000 751713.87112 3296267.7606 -1135.036714 1774.2067143 248.47111537 -192.1393798 136.51982799 26.899991198 0.6428009946
 1822.4600000 751715.36404 3296266.1877 -1139.302074 1778.4720743 249.96403729 -193.7123093 136.47000000 27.000000000 0.6428009946
 1827.2550000 751716.86254 3296264.6061 -1143.573502 1782.7435022 251.46253852 -195.2938966 136.62025635 27.049920475 0.5291581530
 1832.0500000 751718.35945 3296263.0179 -1147.843027 1787.0130272 252.95945009 -196.8821135 136.77000000 27.100000000 0.5291581530
 1836.8750000 751719.86551 3296261.4144 -1152.137345 1791.3073446 254.46550806 -198.4856255 136.82008508 27.149991142 0.3417185183
 1841.7000000 751721.37273 3296259.8068 -1156.429741 1795.5997406 255.97272874 -200.0931844 136.87000000 27.200000000 0.3417185183
 1846.4900000 751722.87143 3296258.2055 -1160.688132 1799.8581324 257.47143140 -201.6944600 136.92016908 27.299991108 0.6425622295
 1851.2800000 751724.37381 3296256.5975 -1164.942690 1804.1126898 258.97380787 -203.3024711 136.97000000 27.400000000 0.6425622295
 1856.1150000 751725.90629 3296254.9689 -1169.229451 1808.3994514 260.50628759 -204.9310676 136.51551198 27.699272770 2.2691973201
 1860.9500000 751727.46700 3296253.3362 -1173.504445 1812.6744451 262.06699858 -206.5637819 136.07000000 28.000000000 2.2691973201
 1865.7750000 751729.04756 3296251.6955 -1177.757722 1816.9277221 263.64756472 -208.2045129 136.07000000 28.350000000 2.1761658031
 1870.6000000 751730.64613 3296250.0361 -1181.997003 1821.1670031 265.24612689 -209.8639248 136.07000000 28.700000000 2.1761658031
 1875.4300000 751732.25368 3296248.3615 -1186.232610 1825.4026104 266.85368228 -211.5385260 136.27031813 28.749852801 0.6733891308
 1880.2600000 751733.85793 3296246.6786 -1190.466190 1829.6361904 268.45793223 -213.2214032 136.47000000 28.800000000 0.6733891308
 1885.0650000 751735.45697 3296244.9998 -1194.674824 1833.8448241 270.05696863 -214.9002425 136.31952575 28.899916926 0.7711432009
 1889.8700000 751737.06547 3296243.3198 -1198.879405 1838.0494048 271.66547225 -216.5801930 136.17000000 29.000000000 0.7711432009
 1894.6700000 751738.68305 3296241.6392 -1203.074531 1842.2445307 273.28304562 -218.2607758 136.01929590 29.149916474 1.0428009308
 1899.4700000 751740.31264 3296239.9550 -1207.263536 1846.4335356 274.91264454 -219.9450053 135.87000000 29.300000000 1.0428009308
 1904.2800000 751741.96005 3296238.2583 -1211.452007 1850.6220073 276.56004839 -221.6417115 135.81953915 29.599990631 1.8774309684
 1909.0900000 751743.62420 3296236.5473 -1215.628039 1854.7980391 278.22420034 -223.3526772 135.77000000 29.900000000 1.8774309684
 1913.8700000 751745.28805 3296234.8366 -1219.769724 1858.9397243 279.88805112 -225.0633606 135.82015115 29.999990553 0.6469306022
 1918.6500000 751746.95544 3296233.1193 -1223.907238 1863.0772383 281.55544134 -226.7806789 135.87000000 30.100000000 0.6469306022
 1923.4700000 751748.64034 3296231.3809 -1228.075157 1867.2451568 283.24033816 -228.5190608 135.92014994 30.199990515 0.6417904708
 1928.2900000 751750.32877 3296229.6359 -1232.238844 1871.4088437 284.92877299 -230.2641376 135.97000000 30.300000000 0.6417904708
 1933.0550000 751751.99942 3296227.9046 -1236.351875 1875.5218750 286.59942091 -231.9953599 136.07014904 30.349961949 0.4475446964
 1937.8200000 751753.66953 3296226.1679 -1240.462805 1879.6328053 288.26953203 -233.7320819 136.17000000 30.400000000 0.4475446964
 1942.5900000 751755.34131 3296224.4218 -1244.574889 1883.7448894 289.94131392 -235.4781633 136.32044445 30.499914135 0.7904493285
 1947.3600000 751757.01347 3296222.6662 -1248.682748 1887.8527482 291.61346614 -237.2338098 136.47000000 30.600000000 0.7904493285
 1952.1350000 751758.68956 3296220.9034 -1252.791731 1891.9617305 293.28955941 -238.9966480 136.41992637 30.649990432 0.3526011945
 1956.9100000 751760.36966 3296219.1394 -1256.898589 1896.0685886 294.96966281 -240.7606187 136.37000000 30.700000000 0.3526011945
 1961.6900000 751762.05569 3296217.3676 -1261.005484 1900.1754844 296.65568527 -242.5323751 136.47043830 30.849961583 0.9949134130
 1966.4700000 751763.74601 3296215.5851 -1265.105963 1904.2759631 298.34600544 -244.3148670 136.57000000 31.000000000 0.9949134130
 1971.3050000 751765.45804 3296213.7718 -1269.248194 1908.4181943 300.05804380 -246.1281681 136.72043399 31.099913157 0.7849222087
 1976.1400000 751767.17028 3296211.9488 -1273.386067 1912.5560666 301.77027592 -247.9512120 136.87000000 31.200000000 0.7849222087
 1980.9250000 751768.86696 3296210.1344 -1277.475736 1916.6457364 303.46696093 -249.7656187 136.97042974 31.349961227 0.9953991319
 1985.7100000 751770.56777 3296208.3092 -1281.558889 1920.7288887 305.16777006 -251.5908106 137.07000000 31.500000000 0.9953991319
 1990.5000000 751772.28252 3296206.4740 -1285.637569 1924.8075691 306.88252087 -253.4260352 136.81823721 31.749755956 1.7693001866
 1995.2900000 751774.01745 3296204.6333 -1289.705251 1928.8752515 308.61745300 -255.2666938 136.57000000 32.000000000 1.7693001866
 2000.1200000 751775.78031 3296202.7727 -1293.799088 1932.9690884 310.38030534 -257.1272702 136.51986089 32.099990179 0.6426682237
 2004.9500000 751777.54970 3296200.9085 -1297.888446 1937.0584457 312.14969679 -258.9914871 136.47000000 32.200000000 0.6426682237
 2009.7250000 751779.30256 3296199.0568 -1301.925687 1941.0956874 313.90255589 -260.8431808 136.67082666 32.349842210 1.1576687728
 2014.5000000 751781.05617 3296197.1913 -1305.956240 1945.1262400 315.65617407 -262.7086766 136.87000000 32.500000000 1.1576687728
 2019.3200000 751782.83282 3296195.2997 -1310.017995 1949.1879948 317.43282080 -264.6002519 136.71938713 32.649910809 1.0608128385
 2024.1400000 751784.62171 3296193.4051 -1314.072942 1953.2429418 319.22170765 -266.4948949 136.57000000 32.800000000 1.0608128385
 2028.9150000 751786.40071 3296191.5225 -1318.084389 1957.2543892 321.00070767 -268.3774639 136.67026979 32.899960202 0.7149715653
 2033.6900000 751788.18122 3296189.6318 -1322.091310 1961.2613098 322.78121643 -270.2682291 136.77000000 33.000000000 0.7149715653
 2038.5300000 751789.98915 3296187.7085 -1326.148173 1965.3181729 324.58915003 -272.1914639 136.77000000 33.100000000 0.6198347107
 2043.3700000 751791.80193 3296185.7801 -1330.200423 1969.3704228 326.40193056 -274.1198547 136.77000000 33.200000000 0.6198347107
 2048.1500000 751793.59485 3296183.8662 -1334.196730 1973.3667305 328.19485041 -276.0338410 136.97079559 33.349839703 1.1672431570
 2052.9300000 751795.38820 3296181.9383 -1338.186159 1977.3561585 329.98819811 -277.9617279 137.17000000 33.500000000 1.1672431570
 2057.6800000 751797.19056 3296180.0179 -1342.139145 1981.3091450 331.79056286 -279.8820722 136.46362415 33.848022018 3.3090971333
 2062.4300000 751799.03296 3296178.1024 -1346.075969 1985.2459688 333.63295870 -281.7976238 135.77000000 34.200000000 3.3090971333
 2067.2550000 751800.91996 3296176.1521 -1350.065464 1989.2354645 335.51996049 -283.7479442 136.12044859 34.249502685 1.2635903639
 2072.0800000 751802.79742 3296174.1877 -1354.052590 1993.2225903 337.39741808 -285.7122713 136.47000000 34.300000000 1.2635903639
 2076.8700000 751804.65112 3296172.2209 -1358.007270 1997.1772695 339.25111918 -287.6790863 136.92114707 34.399176225 1.7110175140
 2081.6600000 751806.49401 3296170.2345 -1361.957226 2001.1272255 341.09400757 -289.6654565 137.37000000 34.500000000 1.7110175140
 2086.4450000 751808.33393 3296168.2375 -1365.897117 2005.0671174 342.93392763 -291.6624936 137.31981060 34.649989796 0.9571789701
 2091.2300000 751810.18258 3296166.2345 -1369.829887 2008.9998869 344.78257903 -293.6654973 137.27000000 34.800000000 0.9571789701
 2096.0450000 751812.06783 3296164.2188 -1373.775368 2012.9453675 346.66782732 -295.6812054 136.56392668 35.147987236 3.3255624045
 2100.8600000 751813.99420 3296162.2089 -1377.703914 2016.8739144 348.59420186 -297.6910954 135.87000000 35.500000000 3.3255624045
 2105.6500000 751815.93365 3296160.2079 -1381.599883 2020.7698825 350.53364962 -299.6921104 135.92018250 35.649989668 0.9570220261
 2110.4400000 751817.87844 3296158.1979 -1385.488542 2024.6585419 352.47843607 -301.7021404 135.97000000 35.800000000 0.9570220261
 2115.2750000 751819.83306 3296156.1491 -1389.407642 2028.5776422 354.43305747 -303.7508502 136.72180841 35.897668396 2.7983194994
 2120.1100000 751821.76535 3296154.0700 -1393.321794 2032.4917944 356.36534783 -305.8299777 137.47000000 36.000000000 2.7983194994
 2124.8900000 751823.66344 3296151.9917 -1397.185222 2036.3552219 358.26343565 -307.9083339 137.72089591 36.149740205 1.3202095484
 2129.6700000 751825.55922 3296149.8976 -1401.041267 2040.2112675 360.15921863 -310.0024433 137.97000000 36.300000000 1.3202095484
 2134.4100000 751827.44611 3296147.8115 -1404.856468 2044.0264676 362.04610976 -312.0884584 137.76905652 36.499833097 1.4728237898
 2139.1500000 751829.34923 3296145.7223 -1408.661826 2047.8318260 363.94922745 -314.1777070 137.57000000 36.700000000 1.4728237898
 2143.9500000 751831.30025 3296143.6011 -1412.500322 2051.6703219 365.90024819 -316.2988736 137.21676907 37.099485730 2.8268243550
 2148.7500000 751833.28240 3296141.4724 -1416.318604 2055.4886042 367.88240266 -318.4276442 136.87000000 37.500000000 2.8268243550
 2153.5400000 751835.29573 3296139.3403 -1420.106025 2059.2760246 369.89573043 -320.5597481 136.41497345 37.999142774 3.5800477832
 2158.3300000 751837.34854 3296137.2003 -1423.867710 2063.0377102 371.94854252 -322.6997467 135.97000000 38.500000000 3.5800477832
 2163.1500000 751839.42710 3296135.0273 -1427.634691 2066.8046907 374.02710129 -324.8727043 136.57261434 38.698467044 2.6459811470
 2167.9700000 751841.49177 3296132.8231 -1431.391152 2070.5611515 376.09176833 -327.0768925 137.17000000 38.900000000 2.6459811470
 2172.7900000 751843.56423 3296130.5993 -1435.131701 2074.3017013 378.16422670 -329.3007378 136.86744108 39.299615075 2.7562286175
 2177.6100000 751845.66615 3296128.3673 -1438.850938 2078.0209379 380.26615254 -331.5326588 136.57000000 39.700000000 2.7562286175
 2182.4050000 751847.77901 3296126.1432 -1442.536201 2081.7062014 382.37900685 -333.7567725 136.36937267 39.849828281 1.2343541965
 2187.2000000 751849.90627 3296123.9195 -1446.213421 2085.3834210 384.50627392 -335.9804616 136.17000000 40.000000000 1.2343541965
 2191.9950000 751852.04113 3296121.6898 -1449.882569 2089.0525688 386.64113235 -338.2102015 136.32046552 40.149903230 1.1166502228
 2196.7900000 751854.17676 3296119.4475 -1453.543622 2092.7136224 388.77676369 -340.4524708 136.47000000 40.300000000 1.1166502228
 2201.6150000 751856.32537 3296117.1798 -1457.220775 2096.3907754 390.92536998 -342.7202121 136.62030761 40.399903088 0.8671574736
 2206.4400000 751858.47243 3296114.9018 -1460.892470 2100.0624704 393.07243061 -344.9982375 136.77000000 40.500000000 0.8671574736
 2211.1800000 751860.58796 3296112.6612 -1464.494116 2103.6641162 395.18795607 -347.2388355 136.51949092 40.599730503 1.2086612458
 2215.9200000 751862.71757 3296110.4253 -1468.090378 2107.2603781 397.31757000 -349.4747299 136.27000000 40.700000000 1.2086612458
 2220.7500000 751864.88990 3296108.1425 -1471.750806 2110.9208065 399.48990196 -351.7575164 136.57030384 40.749611613 1.2553396820
 2225.5800000 751867.05244 3296105.8460 -1475.408483 2114.5784834 401.65244061 -354.0539705 136.87000000 40.800000000 1.2553396820
 2230.3950000 751869.21025 3296103.5586 -1479.054812 2118.2248122 403.81024652 -356.3414021 136.47040512 40.749309533 1.6563663920
 2235.2100000 751871.38177 3296101.2886 -1482.703884 2121.8738838 405.98176865 -358.6114135 136.07000000 40.700000000 1.6563663920
 2239.9850000 751873.54127 3296099.0410 -1486.321260 2125.4912597 408.14127484 -360.8590207 136.22030330 40.799902879 0.8797270856
 2244.7600000 751875.69925 3296096.7832 -1489.933190 2129.1031900 410.29924844 -363.1168345 136.37000000 40.900000000 0.8797270856
 2249.4950000 751877.84240 3296094.5409 -1493.510806 2132.6808065 412.44239586 -365.3591096 136.21984915 40.949902805 0.6988024295
 2254.2300000 751879.99357 3296092.3020 -1497.085715 2136.2557148 414.59356846 -367.5980166 136.07000000 41.000000000 0.6988024295
 2259.0600000 751882.19520 3296090.0186 -1500.728195 2139.8981954 416.79519619 -369.8814492 136.01989996 41.099989193 0.6538089518
 2263.8900000 751884.40323 3296087.7325 -1504.365134 2143.5351343 419.00322896 -372.1675288 135.97000000 41.200000000 0.6538089518
 2268.7200000 751886.61967 3296085.4457 -1507.996524 2147.1665237 421.21966561 -374.4542967 135.81970200 41.299902643 0.8740123255
 2273.5500000 751888.84650 3296083.1602 -1511.622349 2150.7923494 423.44650098 -376.7397903 135.67000000 41.400000000 0.8740123255
 2278.3700000 751891.07411 3296080.8759 -1515.235103 2154.4051029 425.67411367 -379.0241163 135.77019727 41.499956692 0.7466449095
 2283.1900000 751893.30213 3296078.5832 -1518.842282 2158.0122821 427.90212704 -381.3168453 135.87000000 41.600000000 0.7466449095
 2287.9700000 751895.51102 3296076.3002 -1522.413989 2161.5839893 430.11101816 -383.5998469 136.02029384 41.699902476 0.8866247610
 2292.7500000 751897.71824 3296074.0069 -1525.980147 2165.1501467 432.31824441 -385.8931113 136.17000000 41.800000000 0.8866247610
 2295.9450000 751899.19842 3296072.4744 -1528.361026 2167.5310262 433.79841867 -387.4255954 135.81965899 41.849468719 2.2423103675
 2299.1400000 751900.68938 3296070.9495 -1530.740045 2169.9100455 435.28937869 -388.9504939 135.47000000 41.900000000 2.2423103675
 2303.8750000 751902.90310 3296068.6893 -1534.262990 2173.4329904 437.50310129 -391.2106928 135.72024273 41.949728836 1.1052128903
 2308.6100000 751905.10908 3296066.4173 -1537.783173 2176.9531731 439.70908162 -393.4827342 135.97000000 42.000000000 1.1052128903
 2313.3500000 751907.31577 3296064.1306 -1541.300138 2180.4701385 441.91577012 -395.7694470 136.07038497 42.199956576 1.3353080169
 2318.0900000 751909.52696 3296061.8312 -1544.805990 2183.9759897 444.12696026 -398.0688425 136.17000000 42.400000000 1.3353080169
 2322.8200000 751911.74398 3296059.5298 -1548.293316 2187.4633162 446.34397577 -400.3702036 135.96924078 42.599826081 1.5317625598
 2327.5500000 751913.97747 3296057.2275 -1551.769467 2190.9394669 448.57747344 -402.6725353 135.77000000 42.800000000 1.5317625598
 2332.3350000 751916.24444 3296054.8843 -1555.271857 2194.4418572 450.84444169 -405.0156650 136.12195840 43.099466682 2.4053349444
 2337.1200000 751918.50969 3296052.5142 -1558.757129 2197.9271286 453.10969447 -407.3858238 136.47000000 43.400000000 2.4053349444
 2341.9050000 751920.78032 3296050.1302 -1562.229485 2201.3994846 455.38031951 -409.7697725 136.31958690 43.549901952 1.1420422154
 2346.6900000 751923.06346 3296047.7457 -1565.693210 2204.8632095 457.66345697 -412.1543267 136.17000000 43.700000000 1.1420422154
 2351.4450000 751925.34784 3296045.3723 -1569.122306 2208.2923059 459.94784235 -414.5276890 136.01918669 43.999901888 2.0036582433
 2356.2000000 751927.65089 3296042.9921 -1572.534107 2211.7041073 462.25088664 -416.9079337 135.87000000 44.300000000 2.0036582433
 2361.0250000 751929.99499 3296040.5586 -1575.978514 2215.1485143 464.59498977 -419.3414017 136.27212390 44.599301950 2.5551259675
 2365.8500000 751932.33444 3296038.0958 -1579.405182 2218.5751823 466.93443654 -421.8042172 136.67000000 44.900000000 2.5551259675
 2370.6350000 751934.66163 3296035.6418 -1582.790179 2221.9601788 469.26162661 -424.2582284 136.36921596 45.049607302 1.6298278452
 2375.4200000 751937.00776 3296033.1936 -1586.166310 2225.3363095 471.60775741 -426.7064109 136.07000000 45.200000000 1.6298278452
 2380.2250000 751939.38477 3296030.7391 -1589.544643 2228.7146435 473.98476755 -429.1609259 135.76871138 45.449607355 2.0537733375
 2385.0300000 751941.78488 3296028.2865 -1592.908036 2232.0780364 476.38488402 -431.6134737 135.47000000 45.700000000 2.0537733375
 2389.7950000 751944.18040 3296025.8471 -1596.227044 2235.3970437 478.78040469 -434.0529083 135.57050564 45.999956394 1.9423085881
 2394.5600000 751946.58379 3296023.3911 -1599.528104 2238.6981039 481.18378590 -436.5089072 135.67000000 46.300000000 1.9423085881
 2399.3350000 751948.99262 3296020.9123 -1602.822561 2241.9925606 483.59262226 -438.9877471 135.97074663 46.449607804 1.6595913064
 2404.1100000 751951.39442 3296018.4146 -1606.107957 2245.2779569 485.99441661 -441.4853738 136.27000000 46.600000000 1.6595913064
 2408.9450000 751953.82445 3296015.8677 -1609.422354 2248.5923544 488.42445473 -444.0323063 136.42061355 46.849902031 1.6932928369
 2413.7800000 751956.25775 3296013.3039 -1612.721360 2251.8913604 490.85774938 -446.5960569 136.57000000 47.100000000 1.6932928369
 2418.5450000 751958.66003 3296010.7618 -1615.957372 2255.1273716 493.26002681 -449.1381978 136.67040193 47.349956514 1.6406798131
 2423.3100000 751961.06752 3296008.2052 -1619.178091 2258.3480908 495.66752088 -451.6947827 136.77000000 47.600000000 1.6406798131
 2428.1500000 751963.52384 3296005.5991 -1622.433911 2261.6039105 498.12384038 -454.3008694 136.61940757 47.849902312 1.6959822060
 2432.9900000 751965.99672 3296002.9892 -1625.674073 2264.8440733 500.59672150 -456.9108042 136.47000000 48.100000000 1.6959822060
 2437.7650000 751968.44706 3296000.4052 -1628.855212 2268.0252116 503.04705877 -459.4947531 136.57038808 48.349956665 1.6393359382
 2442.5400000 751970.90239 3295997.8070 -1632.020782 2271.1907818 505.50239267 -462.0930384 136.67000000 48.600000000 1.6393359382
 2447.3300000 751973.34384 3295995.1637 -1635.182449 2274.3524495 507.94384443 -464.7362888 137.87366756 48.793771522 5.7917516003
 2452.1200000 751975.73671 3295992.4617 -1638.331536 2277.5015363 510.33670556 -467.4383379 139.07000000 49.000000000 5.7917516003
 2456.8950000 751978.07295 3295989.7145 -1641.461291 2280.6312913 512.67295365 -470.1854815 140.17166324 49.094773979 5.2612007900
 2461.6700000 751980.35949 3295986.9188 -1644.584747 2283.7547468 514.95948614 -472.9811949 141.27000000 49.200000000 5.2612007900
 2466.4650000 751982.60421 3295984.0615 -1647.713385 2286.8833852 517.20420781 -475.8385388 142.42258539 49.344295460 5.5387750916
 2471.2600000 751984.79605 3295981.1531 -1650.832499 2290.0024992 519.39605109 -478.7468921 143.57000000 49.500000000 5.5387750916
 2476.1450000 751986.97399 3295978.1392 -1654.000434 2293.1704337 521.57398646 -481.7607823 144.72255812 49.644304907 5.4604015370
 2481.0300000 751989.09571 3295975.0754 -1657.158622 2296.3286216 523.69570723 -484.8245866 145.87000000 49.800000000 5.4604015370
 2485.8250000 751991.12339 3295972.0210 -1660.249016 2299.4190158 525.72339241 -487.8790185 146.97242102 49.944798619 5.3509720028
 2490.6200000 751993.09640 3295968.9214 -1663.329801 2302.4998005 527.69640278 -490.9786304 148.07000000 50.100000000 5.3509720028
 2495.3850000 751995.00240 3295965.7961 -1666.380143 2305.5501432 529.60240497 -494.1039071 149.17318821 50.294810111 5.4750717878
 2500.1500000 751996.85341 3295962.6256 -1669.417688 2308.5876882 531.45341453 -497.2743760 150.27000000 50.500000000 5.4750717878
 2504.9350000 751998.65530 3295959.3987 -1672.456709 2311.6267089 533.25530086 -500.5013483 151.37236158 50.644822339 5.4151522719
 2509.7200000 752000.39864 3295956.1307 -1675.486042 2314.6560424 534.99864262 -503.7693277 152.47000000 50.800000000 5.4151522719
 2514.4750000 752002.07285 3295952.8454 -1678.488327 2317.6583268 536.67284969 -507.0545913 153.52148948 50.895290761 5.1794490383
 2519.2300000 752003.68886 3295949.5253 -1681.484171 2320.6541707 538.28886249 -510.3746908 154.57000000 51.000000000 5.1794490383
 2524.0300000 752005.25824 3295946.1371 -1684.500267 2323.6702675 539.85823888 -513.7628666 155.72242532 51.144361489 5.6753598357
 2528.8300000 752006.76247 3295942.7109 -1687.506578 2326.6765775 541.36246567 -517.1890773 156.87000000 51.300000000 5.6753598357
 2533.6000000 752008.19468 3295939.2708 -1690.484312 2329.6543123 542.79468228 -520.6291861 157.92219074 51.445310519 5.2499068338
 2538.3700000 752009.56648 3295935.7978 -1693.452281 2332.6222806 544.16647629 -524.1022025 158.97000000 51.600000000 5.2499068338
 2543.1550000 752010.88011 3295932.2802 -1696.418146 2335.5881464 545.48011018 -527.6198400 160.07302195 51.794868027 5.5627122798
 2547.9400000 752012.12940 3295928.7282 -1699.370886 2338.5408860 546.72939822 -531.1717938 161.17000000 52.000000000 5.5627122798
 2552.7200000 752013.31383 3295925.1474 -1702.307373 2341.4773726 547.91383451 -534.7525946 162.22284334 52.195340245 5.3561108839
 2557.5000000 752014.43549 3295921.5357 -1705.230675 2344.4006751 549.03548600 -538.3642672 163.27000000 52.400000000 5.3561108839
 2562.3500000 752015.50683 3295917.8431 -1708.186753 2347.3567527 550.10683400 -542.0569434 164.37147334 52.494899852 5.4332687727
 2567.2000000 752016.50843 3295914.1255 -1711.136115 2350.3061146 551.10843312 -545.7744833 165.47000000 52.600000000 5.4332687727
 2571.9500000 752017.42240 3295910.4607 -1714.016411 2353.1864111 552.02240053 -549.4392674 166.52209055 52.745364049 5.3629649172
 2576.7000000 752018.27074 3295906.7725 -1716.886809 2356.0568088 552.87074331 -553.1275216 167.57000000 52.900000000 5.3629649172
 2581.5300000 752019.06442 3295902.9991 -1719.795485 2358.9654853 553.66442472 -556.9008622 168.67216641 53.044927029 5.5388833635
 2586.3600000 752019.78694 3295899.2038 -1722.694056 2361.8640563 554.38694100 -560.6962127 169.77000000 53.200000000 5.5388833635
 2591.1400000 752020.43083 3295895.4285 -1725.554273 2364.7242732 555.03082841 -564.4714626 170.87143120 53.294939985 5.5706103973
 2595.9200000 752021.00286 3295891.6367 -1728.407801 2367.5778011 555.60286362 -568.2633088 171.97000000 53.400000000 5.5706103973
 2600.6950000 752021.50225 3295887.8324 -1731.249979 2370.4199792 556.10225321 -572.0676211 173.07212731 53.544953347 5.6382165767
 2605.4700000 752021.92934 3295884.0118 -1734.082102 2373.2521018 556.52934088 -575.8882018 174.17000000 53.700000000 5.6382165767
 2610.2950000 752022.28910 3295880.1363 -1736.933680 2376.1036798 556.88909658 -579.7636715 175.22200843 53.845416804 5.3533496334
 2615.1200000 752022.57833 3295876.2475 -1739.775058 2378.9450577 557.17832514 -583.6525152 176.27000000 54.000000000 5.3533496334
 2619.9000000 752022.79459 3295872.3842 -1742.581501 2381.7515011 557.39458894 -587.5158143 177.32132673 54.095429731 5.3747998589
 2624.6800000 752022.94020 3295868.5127 -1745.381186 2384.5511864 557.54020372 -591.3873170 178.37000000 54.200000000 5.3747998589
 2629.4350000 752023.02299 3295864.6522 -1748.156042 2387.3260425 557.62299003 -595.2477677 179.17199939 54.397356346 4.2935195296
 2634.1900000 752023.05194 3295860.7813 -1750.917402 2390.0874025 557.65193975 -599.1186606 179.97000000 54.600000000 4.2935195296
 2638.9200000 752023.05227 3295856.9210 -1753.650668 2392.8206681 557.65227039 -602.9789890 180.02012312 54.799989724 1.2946971827
 2643.6500000 752023.04922 3295853.0512 -1756.370442 2395.5404420 557.64922480 -606.8488335 180.07000000 55.000000000 1.2946971827
 2648.4150000 752023.04616 3295849.1431 -1759.096716 2398.2667162 557.64616166 -610.7568536 180.01987870 55.199989776 1.2854402351
 2653.1800000 752023.04651 3295845.2256 -1761.809332 2400.9793322 557.64650974 -614.6743675 179.97000000 55.400000000 1.2854402351
 2657.9200000 752023.04856 3295841.3181 -1764.492391 2403.6623909 557.64855572 -618.5818931 179.97000000 55.650000000 1.5822784810
 2662.6600000 752023.05061 3295837.3989 -1767.158374 2406.3283744 557.65060780 -622.5010885 179.97000000 55.900000000 1.5822784810
 2667.4400000 752023.04921 3295833.4361 -1769.831317 2409.0013169 557.64921233 -626.4638840 180.07023456 56.099959601 1.3590313424
 2672.2200000 752023.04088 3295829.4640 -1772.490411 2411.6604105 557.64088102 -630.4359773 180.17000000 56.300000000 1.3590313424
 2677.0000000 752023.03081 3295825.4804 -1775.132144 2414.3021442 557.63080849 -634.4196300 180.11982737 56.599989974 1.9009836621
 2681.7800000 752023.02419 3295821.4829 -1777.752983 2416.9229833 557.62418948 -638.4170673 180.07000000 56.900000000 1.9009836621
 2686.5700000 752023.01752 3295817.4646 -1780.360050 2419.5300495 557.61751935 -642.4354281 180.12014087 57.149990058 1.5877088312
 2691.3600000 752023.00731 3295813.4349 -1782.949558 2422.1195576 557.60731387 -646.4651187 180.17000000 57.400000000 1.5877088312
 2696.1350000 752022.99360 3295809.4066 -1785.513404 2424.6834042 557.59359668 -650.4934050 180.22013819 57.649990138 1.5929417935
 2700.9100000 752022.97632 3295805.3672 -1788.059650 2427.2296497 557.57631649 -654.5328261 180.27000000 57.900000000 1.5929417935
 2705.6950000 752022.96074 3295801.3071 -1790.591770 2429.7617702 557.56074411 -658.5929113 180.16967535 58.199960918 1.9548970553
 2710.4800000 752022.95223 3295797.2338 -1793.102597 2432.2725973 557.55223024 -662.6662200 180.07000000 58.500000000 1.9548970553
 2715.2100000 752022.94728 3295793.1837 -1795.545780 2434.7157801 557.54728210 -666.7163273 180.07000000 59.300000000 5.0739957717
 2719.9400000 752022.94229 3295789.0998 -1797.932176 2437.1021764 557.54229276 -670.8001521 180.07000000 60.100000000 5.0739957717
 2724.7150000 752022.93537 3295784.9419 -1800.279848 2439.4498476 557.53537470 -674.9581020 180.12043539 60.999990750 5.6611203127
 2729.4900000 752022.92474 3295780.7476 -1802.561919 2441.7319188 557.52473634 -679.1524068 180.17000000 61.900000000 5.6611203127
 2734.2400000 752022.91597 3295776.5420 -1804.769902 2443.9399023 557.51596820 -683.3579817 180.06927929 62.699964435 5.0837024168
 2738.9900000 752022.91453 3295772.3060 -1806.918951 2446.0889515 557.51452919 -687.5939839 179.97000000 63.500000000 5.0837024168
 2739.2400000 752022.91455 3295772.0823 -1807.030501 2446.2005009 557.51454872 -687.8177175 180.02000000 63.499991288 5.3696060336
 2739.4900000 752022.91437 3295771.8585 -1807.142050 2446.3120504 557.51437300 -688.0414510 180.07000000 63.500000000 5.3696060336
 2744.3400000 752022.92823 3295767.5041 -1809.277684 2448.4476839 557.52823411 -692.3958649 179.56684281 64.249146320 5.4111999490
 2749.1900000 752022.98042 3295763.1224 -1811.356136 2450.5261358 557.58041950 -696.7775720 179.07000000 65.000000000 5.4111999490
 2753.9850000 752023.03006 3295758.7621 -1813.350332 2452.5203318 557.63005753 -701.1378673 179.62365881 65.849014522 6.1757091403
 2758.7800000 752023.03789 3295754.3725 -1815.279619 2454.4496193 557.63789356 -705.5275421 180.17000000 66.700000000 6.1757091403
 2763.5700000 752023.02480 3295749.9584 -1817.139653 2456.3096525 557.62479681 -709.9415803 180.17000000 67.600000000 5.6367432150
 2768.3600000 752023.01161 3295745.5157 -1818.930123 2458.1001233 557.61161499 -714.3842899 180.17000000 68.500000000 5.6367432150
 2773.1050000 752023.00043 3295741.0882 -1820.636361 2459.8063612 557.60042639 -718.8118443 180.11972043 69.349992801 5.3822123440
 2777.8500000 752022.99306 3295736.6358 -1822.276729 2461.4467294 557.59306018 -723.2642312 180.07000000 70.200000000 5.3822123440
 2782.6450000 752022.98753 3295732.1117 -1823.865478 2463.0354782 557.58753296 -727.7883221 180.07000000 71.100000000 5.6308654849
 2787.4400000 752022.98198 3295727.5632 -1825.382970 2464.5529697 557.58197593 -732.3368099 180.07000000 72.000000000 5.6308654849
 2792.1900000 752022.97843 3295723.0350 -1826.817238 2465.9872381 557.57843317 -736.8650487 180.01977108 72.849993853 5.3768938989
 2796.9400000 752022.97884 3295718.4859 -1828.184173 2467.3541734 557.57884364 -741.4140675 179.97000000 73.700000000 5.3768938989
 2801.7250000 752022.98327 3295713.8835 -1829.493048 2468.6630485 557.58327417 -746.0165267 179.91979497 74.549994398 5.3377116298
 2806.5100000 752022.99176 3295709.2621 -1830.733503 2469.9035031 557.59175554 -750.6378905 179.87000000 75.400000000 5.3377116298
 2811.3200000 752023.00234 3295704.5981 -1831.909350 2471.0793498 557.60233784 -755.3018906 179.87000000 76.300000000 5.6133056133
 2816.1300000 752023.01296 3295699.9162 -1833.011792 2472.1817924 557.61296074 -759.9837847 179.87000000 77.200000000 5.6133056133
 2820.8950000 752023.02352 3295695.2620 -1834.032966 2473.2029661 557.62352088 -764.6380194 179.87000000 78.050000000 5.3515215110
 2825.6600000 752023.03411 3295690.5931 -1834.984983 2474.1549829 557.63411423 -769.3068909 179.87000000 78.900000000 5.3515215110
 2830.4500000 752023.04273 3295685.8884 -1835.884589 2475.0545891 557.64273057 -774.0116286 179.92008939 79.449996073 3.4584056064
 2835.2400000 752023.04725 3295681.1752 -1836.738992 2475.9089922 557.64724942 -778.7247907 179.97000000 80.000000000 3.4584056064
 2840.0500000 752023.04973 3295676.4347 -1837.553561 2476.7235607 557.64973154 -783.4652997 179.97000000 80.500000000 3.1185031185
 2844.8600000 752023.05222 3295671.6873 -1838.326730 2477.4967300 557.65221729 -788.2127365 179.97000000 81.000000000 3.1185031185
 2849.6650000 752023.05263 3295666.9382 -1839.057681 2478.2276807 557.65262763 -792.9617983 180.02006521 81.499996811 3.1369783405
 2854.4700000 752023.04889 3295662.1829 -1839.747161 2478.9171608 557.64888884 -797.7170564 180.07000000 82.000000000 3.1369783405
 2859.2550000 752023.04310 3295657.4417 -1840.392420 2479.5624204 557.64309628 -802.4583312 180.07000000 82.500000000 3.1347962382
 2864.0400000 752023.03730 3295652.6949 -1840.996281 2480.1662806 557.63729706 -807.2050563 180.07000000 83.000000000 3.1347962382
 2868.8900000 752023.03352 3295647.8786 -1841.566335 2480.7363353 557.63351747 -812.0214213 180.01995028 83.499997546 3.1080113619
 2873.7400000 752023.03394 3295643.0574 -1842.094338 2481.2643381 557.63394129 -816.8425791 179.97000000 84.000000000 3.1080113619
 2878.5100000 752023.04473 3295638.3097 -1842.553590 2481.7235905 557.64473246 -821.5903498 179.76970693 84.949969393 6.1047977065
 2883.2800000 752023.07214 3295633.5550 -1842.934062 2482.1040620 557.67213532 -826.3450155 179.57000000 85.900000000 6.1047977065
 2888.0750000 752023.12059 3295628.7700 -1843.239318 2482.4093180 557.72059212 -831.1299890 179.26973651 86.799956226 5.9345039756
 2892.8700000 752023.19417 3295623.9812 -1843.469373 2482.6393731 557.79416522 -835.9188470 178.97000000 87.700000000 5.9345039756
 2897.7000000 752023.29148 3295619.1547 -1843.625299 2482.7952991 557.89147933 -840.7452950 178.71990402 88.599986678 5.8015798674
 2902.5300000 752023.40990 3295614.3269 -1843.705380 2482.8753797 558.00989595 -845.5731256 178.47000000 89.500000000 5.8015798674
 2907.3050000 752023.54780 3295609.5539 -1843.705380 2482.8753795 558.14780015 -850.3460694 178.22003808 90.500004759 6.4760482855
 2912.0800000 752023.70650 3295604.7824 -1843.622045 2482.7920450 558.30650310 -855.1176392 177.97000000 91.500000000 6.4760482855
 2916.8650000 752023.88425 3295600.0031 -1843.471745 2482.6417445 558.48425373 -859.8969495 177.77007680 92.100012783 3.9649649496
 2921.6500000 752024.07861 3295595.2262 -1843.271370 2482.4413697 558.67861107 -864.6737756 177.57000000 92.700000000 3.9649649496
 2924.3250000 752024.19190 3295592.5565 -1843.146526 2482.3165259 558.79190424 -867.3434579 177.57000000 92.650000000 0.5607476636
 2927.0000000 752024.30520 3295589.8868 -1843.024014 2482.1940139 558.90520198 -870.0132479 177.57000000 92.600000000 0.5607476636
 2929.0900000 752024.39371 3295587.8012 -1842.920097 2482.0900966 558.99370556 -872.0987792 177.57000000 93.100000000 7.1770334928
 2931.1800000 752024.48217 3295585.7167 -1842.797967 2481.9679673 559.08216732 -874.1833250 177.57000000 93.600000000 7.1770334928
 2935.7150000 752024.67805 3295581.1941 -1842.525063 2481.6950625 559.27804566 -878.7058605 177.46996981 93.300005015 2.0915670778
 2940.2500000 752024.88188 3295576.6706 -1842.275863 2481.4458635 559.48187848 -883.2294127 177.37000000 93.000000000 2.0915670778
 2945.0450000 752025.09118 3295571.8862 -1842.035359 2481.2053586 559.69118404 -888.0137937 177.62005240 92.750026138 2.2107360105
 2949.8400000 752025.27965 3295567.1000 -1841.815752 2480.9857518 559.87965147 -892.8000453 177.87000000 92.500000000 2.2107360105
 2954.6800000 752025.45094 3295562.2673 -1841.610963 2480.7809629 560.05094263 -897.6326723 178.07002149 92.350014301 1.5487517060
 2959.5200000 752025.60538 3295557.4336 -1841.418834 2480.5888344 560.20538036 -902.4663871 178.27000000 92.200000000 1.5487517060
 2964.2550000 752025.74823 3295552.7042 -1841.239133 2480.4091327 560.34822517 -907.1958190 178.27000000 92.150000000 0.3167898627
 2968.9900000 752025.89107 3295547.9746 -1841.063560 2480.2335601 560.49107466 -911.9254059 178.27000000 92.100000000 0.3167898627
 2973.7600000 752026.02875 3295543.2097 -1840.890849 2480.0608491 560.62874723 -916.6902881 178.42000469 92.050007019 0.9938540422
 2978.5300000 752026.15395 3295538.4443 -1840.722298 2479.8922981 560.75394882 -921.4556633 178.57000000 92.000000000 0.9938540422
 2983.3200000 752026.27132 3295533.6589 -1840.548863 2479.7188634 560.87132009 -926.2410818 178.61999509 92.150000818 0.9902050382
 2988.1100000 752026.38450 3295528.8739 -1840.362897 2479.5328973 560.98450413 -931.0261305 178.67000000 92.300000000 0.9902050382
 2992.9200000 752026.49396 3295524.0692 -1840.165669 2479.3356693 561.09395793 -935.8308379 178.71999634 92.400000913 0.6971961346
 2997.7300000 752026.59921 3295519.2647 -1839.960054 2479.1300537 561.19921109 -940.6352876 178.77000000 92.500000000 0.6971961346
 3002.4950000 752026.70140 3295514.5052 -1839.756362 2478.9263617 561.30140260 -945.3948344 178.77000000 92.400000000 0.6295907660
 3007.2600000 752026.80360 3295509.7453 -1839.560979 2478.7309789 561.40360158 -950.1547294 178.77000000 92.300000000 0.6295907660
 3012.0100000 752026.90135 3295504.9996 -1839.382779 2478.5527790 561.50135022 -954.9003729 178.87001828 92.000003044 1.9971054485
 3016.7600000 752026.99083 3295500.2530 -1839.229435 2478.3994348 561.59083243 -959.6470477 178.97000000 91.700000000 1.9971054485
 3021.6350000 752027.07630 3295495.3806 -1839.093317 2478.2633169 561.67630458 -964.5193947 179.02000457 91.500000571 1.2686221646
 3026.5100000 752027.15753 3295490.5077 -1838.974210 2478.1442101 561.75753222 -969.3922599 179.07000000 91.300000000 1.2686221646
 3031.3050000 752027.23325 3295485.7147 -1838.861241 2478.0312410 561.83324630 -974.1853302 179.11999787 91.400000533 0.6994580610
 3036.1000000 752027.30477 3295480.9217 -1838.739906 2477.9099055 561.90477456 -978.9782604 179.17000000 91.500000000 0.6994580610
 3040.8950000 752027.37421 3295476.1289 -1838.612296 2477.7822956 561.97420901 -983.7710589 179.17000000 91.550000000 0.3128258603
 3045.6900000 752027.44364 3295471.3363 -1838.480503 2477.6505027 562.04364182 -988.5637443 179.17000000 91.600000000 0.3128258603
 3050.4650000 752027.51070 3295466.5636 -1838.347177 2477.5171769 562.11070173 -993.3364114 179.22000000 91.600000609 0.3140136487
 3055.2400000 752027.57360 3295461.7909 -1838.213851 2477.3838510 562.17359668 -998.1091351 179.27000000 91.600000000 0.3140136487
 3060.0100000 752027.63434 3295457.0232 -1838.078584 2477.2485843 562.23434470 -1002.876830 179.27000000 91.650000000 0.3144654088
 3064.7800000 752027.69509 3295452.2556 -1837.939157 2477.1091567 562.29509120 -1007.644404 179.27000000 91.700000000 0.3144654088
 3069.5850000 752027.75419 3295447.4531 -1837.796610 2476.9666104 562.35418715 -1012.446926 179.32000000 91.700000647 0.3120374173
 3074.3900000 752027.80909 3295442.6505 -1837.654064 2476.8240641 562.40909208 -1017.249497 179.37000000 91.700000000 0.3120374173
 3079.1400000 752027.85508 3295437.9028 -1837.513149 2476.6831491 562.45508234 -1021.997182 179.52000000 91.700005822 0.9469514455
 3083.8900000 752027.88864 3295433.1550 -1837.372234 2476.5422341 562.48864305 -1026.744971 179.67000000 91.700000000 0.9469514455
 3088.6900000 752027.91628 3295428.3573 -1837.227743 2476.3977427 562.51627638 -1031.542716 179.67000000 91.750000000 0.3125000000
 3093.4900000 752027.94391 3295423.5597 -1837.079064 2476.2490644 562.54390898 -1036.340334 179.67000000 91.800000000 0.3125000000
 3098.3150000 752027.96958 3295418.7373 -1836.923299 2476.0932990 562.56958035 -1041.162750 179.71999711 91.900000723 0.6950741761
 3103.1400000 752027.99104 3295413.9151 -1836.759117 2475.9291170 562.59104211 -1045.984907 179.77000000 92.000000000 0.6950741761
 3107.9300000 752028.01026 3295409.1281 -1836.589860 2475.7598597 562.61025835 -1050.771877 179.77000000 92.050000000 0.3131524008
 3112.7200000 752028.02947 3295404.3413 -1836.416425 2475.5864250 562.62947398 -1055.558697 179.77000000 92.100000000 0.3131524008
 3117.5400000 752028.04881 3295399.5240 -1836.256617 2475.4266173 562.64881197 -1060.375999 179.77000000 91.700000000 2.4896265560
 3122.3600000 752028.06815 3295394.7057 -1836.130445 2475.3004447 562.66815397 -1065.194298 179.77000000 91.300000000 2.4896265560
 3127.1600000 752028.08532 3295389.9070 -1836.019452 2475.1894516 562.68532344 -1069.992984 179.81999897 91.350000514 0.4418803796
 3131.9600000 752028.09831 3295385.1084 -1835.904271 2475.0742709 562.69830500 -1074.791584 179.87000000 91.400000000 0.4418803796
 3136.7800000 752028.10924 3295380.2899 -1835.784405 2474.9544054 562.70923784 -1079.610081 179.87000000 91.450000000 0.3112033195
 3141.6000000 752028.12017 3295375.4715 -1835.660335 2474.8303349 562.72017044 -1084.428471 179.87000000 91.500000000 0.3112033195
 3146.4450000 752028.13116 3295370.6283 -1835.531394 2474.7013943 562.73115950 -1089.271742 179.87000000 91.550000000 0.3095975232
 3151.2900000 752028.14215 3295365.7851 -1835.398227 2474.5682272 562.74214829 -1094.114899 179.87000000 91.600000000 0.3095975232
 3156.1000000 752028.15096 3295360.9774 -1835.249239 2474.4192393 562.75095946 -1098.922576 179.91998960 91.950000742 2.2050888950
 3160.9100000 752028.15557 3295356.1707 -1835.070886 2474.2408860 562.75557422 -1103.729258 179.97000000 92.300000000 2.2050888950
 3165.7050000 752028.15808 3295351.3802 -1834.863822 2474.0338216 562.75808253 -1108.519777 179.97000000 92.650000000 2.1897810219
 3170.5000000 752028.16059 3295346.5911 -1834.627498 2473.7974976 562.76059013 -1113.308942 179.97000000 93.000000000 2.1897810219
 3175.3550000 752028.16313 3295341.7428 -1834.371291 2473.5412911 562.76312866 -1118.157176 179.97000000 93.050000000 0.3089598352
 3180.2100000 752028.16567 3295336.8948 -1834.110854 2473.2808538 562.76566707 -1123.005185 179.97000000 93.100000000 0.3089598352
 3185.0850000 752028.16822 3295332.0271 -1833.845096 2473.0150956 562.76821582 -1127.872935 179.97000000 93.150000000 0.3076923077
 3189.9600000 752028.17076 3295327.1595 -1833.575090 2472.7450896 562.77076445 -1132.740451 179.97000000 93.200000000 0.3076923077
 3194.7750000 752028.17118 3295322.3523 -1833.302114 2472.4721138 562.77118427 -1137.547706 180.01999497 93.300001254 0.6963634513
 3199.5900000 752028.16741 3295317.5455 -1833.020748 2472.1907482 562.76740936 -1142.354476 180.07000000 93.400000000 0.6963634513
 3204.3750000 752028.16157 3295312.7691 -1832.734883 2471.9048830 562.76157383 -1147.130925 180.07000000 93.450000000 0.3134796238
 3209.1600000 752028.15574 3295307.9929 -1832.444850 2471.6148498 562.75573860 -1151.907124 180.07000000 93.500000000 0.3134796238
 3213.9950000 752028.14774 3295303.1672 -1832.145469 2471.3154687 562.74773759 -1156.732839 180.11999451 93.600001367 0.6934392879
 3218.8300000 752028.13553 3295298.3420 -1831.837666 2471.0076656 562.73552671 -1161.558015 180.17000000 93.700000000 0.6934392879
 3223.6750000 752028.12118 3295293.5075 -1831.518678 2470.6886781 562.72118252 -1166.392480 180.17000000 93.850000000 0.9287925697
 3228.5200000 752028.10684 3295288.6739 -1831.187035 2470.3570350 562.70684086 -1171.226093 180.17000000 94.000000000 0.9287925697
 3233.3150000 752028.09265 3295283.8911 -1830.846292 2470.0162917 562.69264980 -1176.008949 180.17000000 94.150000000 0.9384775808
 3238.1100000 752028.07846 3295279.1091 -1830.493028 2469.6630281 562.67846144 -1180.790895 180.17000000 94.300000000 0.9384775808
 3242.9500000 752028.06625 3295274.2832 -1830.123814 2469.2938137 562.66624779 -1185.616775 180.12001019 94.450001688 0.9797495748
 3247.7900000 752028.05825 3295269.4583 -1829.741966 2468.9119664 562.65824714 -1190.441681 180.07000000 94.600000000 0.9797495748
 3252.5800000 752028.05241 3295264.6844 -1829.349481 2468.5194811 562.65241473 -1195.215568 180.07000000 94.800000000 1.2526096033
 3257.3700000 752028.04658 3295259.9119 -1828.940334 2468.1103342 562.64658403 -1199.988056 180.07000000 95.000000000 1.2526096033
 3262.2150000 752028.03858 3295255.0854 -1828.518065 2467.6880646 562.63858129 -1204.814612 180.12000000 95.000001894 0.3084194109
 3267.0600000 752028.02637 3295250.2588 -1828.095795 2467.2657949 562.62636659 -1209.641160 180.17000000 95.000000000 0.3084194109
 3271.8450000 752028.01222 3295245.4924 -1827.674595 2466.8445951 562.61222434 -1214.407564 180.17000000 95.100000000 0.6269592476
 3276.6300000 752027.99808 3295240.7268 -1827.245077 2466.4150769 562.59808430 -1219.173226 180.17000000 95.200000000 0.6269592476
 3281.4700000 752027.98379 3295235.9079 -1826.793798 2465.9637983 562.58378632 -1223.992115 180.17000000 95.500000000 1.8595041322
 3286.3100000 752027.96950 3295231.0914 -1826.317294 2465.4872943 562.56949556 -1228.808575 180.17000000 95.800000000 1.8595041322
 3291.1200000 752027.95530 3295226.3067 -1825.824950 2464.9949500 562.55529898 -1233.593288 180.17000000 95.950000000 0.9355509355
 3295.9300000 752027.94111 3295221.5233 -1825.320081 2464.4900810 562.54110629 -1238.376697 180.17000000 96.100000000 0.9355509355
 3300.6750000 752027.92917 3295216.8061 -1824.807624 2463.9776242 562.52916706 -1243.093925 180.12001927 96.300002380 1.3029434988
 3305.4200000 752027.92135 3295212.0907 -1824.278704 2463.4487042 562.52134739 -1247.809345 180.07000000 96.500000000 1.3029434988
 3314.8800000 752027.90986 3295202.6915 -1823.207802 2462.3778018 562.50986412 -1257.208528 180.07000000 96.500000000 0.0000000000
 3319.6900000 752027.90194 3295197.9124 -1822.663294 2461.8332942 562.50194011 -1261.987602 180.12000000 96.500002454 0.3098456925
 3324.5000000 752027.88985 3295193.1333 -1822.118787 2461.2887867 562.48984557 -1266.766667 180.17000000 96.500000000 0.3098456925
 3329.2750000 752027.87784 3295188.3863 -1821.603092 2460.7730920 562.47783552 -1271.513701 180.11994589 95.900002231 3.7825615535
 3334.0500000 752027.86996 3295183.6341 -1821.137136 2460.3071356 562.46995940 -1276.265883 180.07000000 95.300000000 3.7825615535
 3338.8550000 752027.85994 3295178.8493 -1820.697470 2459.8674700 562.45993706 -1281.050714 180.17001588 95.200007877 0.8811484025
 3343.6600000 752027.84156 3295174.0637 -1820.266156 2459.4361561 562.44156072 -1285.836280 180.27000000 95.100000000 0.8811484025
 3348.4400000 752027.82120 3295169.3027 -1819.841241 2459.0112412 562.42120215 -1290.597313 180.22000000 95.100001932 0.3125651876
 3353.2200000 752027.80500 3295164.5416 -1819.416326 2458.5863264 562.40499838 -1295.358361 180.17000000 95.100000000 0.3125651876
 3358.0200000 752027.78873 3295159.7609 -1818.987548 2458.1575476 562.38872768 -1300.139144 180.21999607 95.150001950 0.4410505767
 3362.8200000 752027.76829 3295154.9805 -1818.554597 2457.7245970 562.36828658 -1304.919534 180.27000000 95.200000000 0.4410505767
 3367.6550000 752027.74560 3295150.1656 -1818.114288 2457.2842875 562.34559694 -1309.734390 180.27000000 95.250000000 0.3102378490
 3372.4900000 752027.72291 3295145.3511 -1817.669776 2456.8397764 562.32290912 -1314.548860 180.27000000 95.300000000 0.3102378490
 3377.2950000 752027.70245 3295140.5667 -1817.225936 2456.3959356 562.30245057 -1319.333273 180.22000000 95.300002007 0.3108401760
 3382.1000000 752027.68617 3295135.7823 -1816.782095 2455.9520948 562.28616722 -1324.117702 180.17000000 95.300000000 0.3108401760
 3386.9300000 752027.67399 3295130.9714 -1816.352736 2455.5227362 562.27399415 -1328.928555 180.11997007 94.900001857 2.5036659103
 3391.7600000 752027.66601 3295126.1577 -1815.956974 2455.1269739 562.26601451 -1333.742297 180.07000000 94.500000000 2.5036659103
 3396.5750000 752027.65806 3295121.3577 -1815.577099 2454.7470988 562.25805605 -1338.542282 180.11999653 94.550001725 0.4398712686
 3401.3900000 752027.64591 3295116.5581 -1815.193035 2454.3630351 562.24590965 -1343.341925 180.17000000 94.600000000 0.4398712686
 3406.1700000 752027.63177 3295111.7917 -1814.832558 2454.0025584 562.23176757 -1348.108274 180.17000000 94.050000000 3.4518828452
 3410.9500000 752027.61762 3295107.0221 -1814.517851 2453.6878515 562.21761587 -1352.877863 180.17000000 93.500000000 3.4518828452
 3415.7850000 752027.60540 3295102.1957 -1814.231105 2453.4011053 562.20540200 -1357.704335 180.11998994 93.300001254 1.2790185962
 3420.6200000 752027.59740 3295097.3682 -1813.961208 2453.1312083 562.19739841 -1362.531786 180.07000000 93.100000000 1.2790185962
 3425.4150000 752027.59155 3295092.5797 -1813.712347 2452.8823470 562.19154811 -1367.320317 180.07000000 92.850000000 1.5641293014
 3430.2100000 752027.58570 3295087.7901 -1813.484382 2452.6543819 562.18569655 -1372.109887 180.07000000 92.600000000 1.5641293014
 3435.0200000 752027.57983 3295082.9850 -1813.268283 2452.4382825 562.17982596 -1376.915027 180.07000000 92.550000000 0.3118503118
 3439.8300000 752027.57396 3295078.1796 -1813.056377 2452.2263765 562.17395514 -1381.720353 180.07000000 92.500000000 0.3118503118
 3444.6150000 752027.56603 3295073.3989 -1812.856002 2452.0260016 562.16602783 -1386.501147 180.12000701 92.300000875 1.2924482187
 3449.4000000 752027.55393 3295068.6174 -1812.672316 2451.8423160 562.15392681 -1391.282602 180.17000000 92.100000000 1.2924482187
 3454.1950000 752027.53971 3295063.8256 -1812.498700 2451.6687002 562.13970911 -1396.074436 180.17000000 92.050000000 0.3128258603
 3458.9900000 752027.52549 3295059.0336 -1812.329266 2451.4992662 562.12549097 -1400.866421 180.17000000 92.000000000 0.3128258603
 3463.8400000 752027.51322 3295054.1868 -1812.153659 2451.3236590 562.11322470 -1405.713223 180.12000491 92.150000818 0.9779550789
 3468.6900000 752027.50519 3295049.3404 -1811.965364 2451.1353635 562.10518885 -1410.559559 180.07000000 92.300000000 0.9779550789
 3473.4550000 752027.49937 3295044.5795 -1811.769981 2450.9399808 562.09937220 -1415.320547 180.07000000 92.400000000 0.6295907660
 3478.2200000 752027.49356 3295039.8188 -1811.566289 2450.7362888 562.09355598 -1420.081187 180.07000000 92.500000000 0.6295907660
 3483.0150000 752027.48561 3295035.0284 -1811.357134 2450.5271337 562.08561314 -1424.871617 180.12000000 92.500000951 0.3125281193
 3487.8100000 752027.47349 3295030.2380 -1811.147979 2450.3179787 562.07348986 -1429.662037 180.17000000 92.500000000 0.3125281193
 3492.6150000 752027.45925 3295025.4376 -1810.936293 2450.1062930 562.05924700 -1434.462351 180.17000000 92.550000000 0.3121748179
 3497.4200000 752027.44500 3295020.6375 -1810.720418 2449.8904183 562.04500470 -1439.262478 180.17000000 92.600000000 0.3121748179
 3502.2050000 752027.42874 3295015.8576 -1810.501271 2449.6712707 562.02873671 -1444.042429 180.21999798 92.650001008 0.4430901242
 3506.9900000 752027.40830 3295011.0778 -1810.277952 2449.4479518 562.00829827 -1448.822171 180.27000000 92.700000000 0.4430901242
 3511.8300000 752027.38763 3295006.2432 -1810.049957 2449.2199565 561.98762519 -1453.656753 180.22000000 92.700001027 0.3095733083
 3516.6700000 752027.37117 3295001.4086 -1809.821961 2448.9919613 561.97117109 -1458.491352 180.17000000 92.700000000 0.3095733083
 3521.4200000 752027.35502 3294996.6640 -1809.596135 2448.7661353 561.95502342 -1463.235953 180.21999790 92.750001046 0.4463366504
 3526.1700000 752027.33474 3294991.9197 -1809.366169 2448.5361690 561.93473617 -1467.980340 180.27000000 92.800000000 0.4463366504
 3530.9300000 752027.31648 3294987.1646 -1809.150241 2448.3202414 561.91647985 -1472.735394 180.16997074 92.400003651 2.5984607087
 3535.6900000 752027.30652 3294982.4081 -1808.967516 2448.1375156 561.90651968 -1477.491865 180.07000000 92.000000000 2.5984607087
 3540.4800000 752027.30067 3294977.6203 -1808.823326 2447.9933257 561.90067026 -1482.279672 180.07000000 91.450000000 3.4446764092
 3545.2700000 752027.29482 3294972.8314 -1808.725102 2447.8951015 561.89481943 -1487.068643 180.07000000 90.900000000 3.4446764092
 3550.1150000 752027.28679 3294967.9870 -1808.646886 2447.8168858 561.88678721 -1491.913005 180.11999928 90.950000362 0.4378068979
 3554.9600000 752027.27453 3294963.1427 -1808.564443 2447.7344426 561.87452767 -1496.757287 180.17000000 91.000000000 0.4378068979
 3559.7950000 752027.26229 3294958.3085 -1808.475842 2447.6458415 561.86229357 -1501.591459 180.12000168 91.100000419 0.6936872824
 3564.6300000 752027.25428 3294953.4745 -1808.378803 2447.5488033 561.85427835 -1506.425478 180.07000000 91.200000000 0.6936872824
 3569.4650000 752027.24626 3294948.6404 -1808.288093 2447.4580930 561.84626280 -1511.259616 180.12000362 90.950000362 1.5819002902
 3574.3000000 752027.23403 3294943.8059 -1808.218476 2447.3884765 561.83402780 -1516.094096 180.17000000 90.700000000 1.5819002902
 3579.0350000 752027.21998 3294939.0712 -1808.170959 2447.3409586 561.81997952 -1520.828833 180.17000000 90.450000000 1.5839493136
 3583.7700000 752027.20593 3294934.3363 -1808.144100 2447.3141003 561.80593075 -1525.563732 180.17000000 90.200000000 1.5839493136
 3588.6050000 752027.18948 3294929.5014 -1808.120894 2447.2908940 561.78947562 -1530.398647 180.21999920 90.350000133 0.9810562768
 3593.4400000 752027.16880 3294924.6665 -1808.085030 2447.2550300 561.76880158 -1535.233468 180.27000000 90.500000000 0.9810562768
 3598.2700000 752027.14604 3294919.8368 -1808.040773 2447.2107735 561.74604178 -1540.063211 180.27000000 90.550000000 0.3105590062
 3603.1000000 752027.12328 3294915.0071 -1807.992302 2447.1623021 561.72328217 -1544.892914 180.27000000 90.600000000 0.3105590062
 3612.7100000 752027.07800 3294905.3977 -1807.891668 2447.0616683 561.67799876 -1554.502281 180.27000000 90.600000000 0.0000000000
 3617.5350000 752027.05737 3294900.5731 -1807.839037 2447.0090367 561.65736805 -1559.326949 180.22000050 90.650000247 0.4396377112
 3622.3600000 752027.04095 3294895.7484 -1807.782195 2446.9521948 561.64094783 -1564.151586 180.17000000 90.700000000 0.4396377112
 3632.0200000 752027.01229 3294886.0892 -1807.664179 2446.8341786 561.61228821 -1573.810823 180.17000000 90.700000000 0.0000000000
 3636.7850000 752027.00023 3294881.3246 -1807.603886 2446.7738856 561.60023024 -1578.575426 180.12000057 90.750000286 0.4451688020
 3641.5500000 752026.99233 3294876.5600 -1807.539435 2446.7094347 561.59233026 -1583.339983 180.07000000 90.800000000 0.4451688020
 3646.3450000 752026.98647 3294871.7658 -1807.455751 2446.6257506 561.58647297 -1588.134239 180.07000000 91.200000000 2.5026068822
 3651.1400000 752026.98062 3294866.9722 -1807.338599 2446.5085986 561.58061653 -1592.927795 180.07000000 91.600000000 2.5026068822
 3655.9300000 752026.97268 3294862.1846 -1807.188141 2446.3581413 561.57267909 -1597.715415 180.11998781 92.000000761 2.5246913995
 3660.7200000 752026.96057 3294857.3981 -1807.004264 2446.1742640 561.56056667 -1602.501859 180.17000000 92.400000000 2.5246913995
 3665.5400000 752026.94838 3294852.5833 -1806.781413 2445.9514132 561.54838030 -1607.316674 180.12002210 92.900001102 3.1275146277
 3670.3600000 752026.94040 3294847.7706 -1806.516554 2445.6865542 561.54039911 -1612.129369 180.07000000 93.400000000 3.1275146277
 3675.1300000 752026.93458 3294843.0092 -1806.231585 2445.4015851 561.53458187 -1616.890845 180.07000000 93.450000000 0.3144654088
 3679.9000000 752026.92876 3294838.2479 -1805.942461 2445.1124611 561.52876493 -1621.652071 180.07000000 93.500000000 0.3144654088
 3684.6300000 752026.92094 3294833.5266 -1805.655761 2444.8257614 561.52093655 -1626.373368 180.12000263 93.450001310 0.4480758642
 3689.3600000 752026.90899 3294828.8051 -1805.373182 2444.5431820 561.50898745 -1631.094904 180.17000000 93.400000000 0.4480758642
 3694.0900000 752026.89704 3294824.0833 -1805.094723 2444.2647231 561.49703804 -1635.816685 180.11999745 93.350001273 0.4480990547
 3698.8200000 752026.88921 3294819.3613 -1804.820385 2443.9903848 561.48920877 -1640.538715 180.07000000 93.300000000 0.4480990547
 3703.6400000 752026.88123 3294814.5492 -1804.545026 2443.7150258 561.48122980 -1645.350837 180.12000248 93.250001235 0.4397541500
 3708.4600000 752026.86905 3294809.7368 -1804.273866 2443.4438662 561.46905087 -1650.163187 180.17000000 93.200000000 0.4397541500
 3713.2700000 752026.85690 3294804.9341 -1804.009556 2443.1795558 561.45689678 -1654.965904 180.11999527 93.100001178 0.6971144629
 3718.0800000 752026.84893 3294800.1309 -1803.753628 2442.9236282 561.44893309 -1659.769083 180.07000000 93.000000000 0.6971144629
 3722.8200000 752026.83902 3294795.3975 -1803.503490 2442.6734901 561.43901979 -1664.502467 180.16999535 93.050004637 0.7068146084
 3727.5600000 752026.82085 3294790.6644 -1803.249222 2442.4192215 561.42084604 -1669.235607 180.27000000 93.100000000 0.7068146084
 3732.3200000 752026.80052 3294785.9115 -1802.989732 2442.1597324 561.40052219 -1673.988485 180.22000240 93.150001197 0.4453189620
 3737.0800000 752026.78435 3294781.1588 -1802.726096 2441.8960958 561.38434679 -1678.741151 180.17000000 93.200000000 0.4453189620
 3741.9300000 752026.77209 3294776.3160 -1802.463814 2441.6338136 561.37209133 -1683.584035 180.11999085 93.000001140 1.2750844200
 3746.7800000 752026.76406 3294771.4722 -1802.218438 2441.3884379 561.36406061 -1688.427815 180.07000000 92.800000000 1.2750844200
 3751.5650000 752026.75614 3294766.6926 -1801.990948 2441.1609480 561.35613537 -1693.207396 180.12000606 92.650001008 0.9912035382
 3756.3500000 752026.74404 3294761.9125 -1801.775972 2440.9459718 561.34403771 -1697.987548 180.17000000 92.500000000 0.9912035382
 3761.1500000 752026.72981 3294757.1168 -1801.572876 2440.7428762 561.32980860 -1702.783227 180.17000000 92.350000000 0.9375000000
 3765.9500000 752026.71558 3294752.3206 -1801.382336 2440.5523364 561.31557797 -1707.579421 180.17000000 92.200000000 0.9375000000
 3770.7350000 752026.70139 3294747.5393 -1801.194478 2440.3644782 561.30139155 -1712.360710 180.17000000 92.300000000 0.6269592476
 3775.5200000 752026.68721 3294742.7583 -1800.998275 2440.1682753 561.28720614 -1717.141664 180.17000000 92.400000000 0.6269592476
 3780.3550000 752026.67498 3294737.9278 -1800.791591 2439.9615910 561.27498103 -1721.972228 180.12000381 92.500000951 0.6935808469
 3785.1900000 752026.66697 3294733.0976 -1800.576476 2439.7464760 561.26697200 -1726.802433 180.07000000 92.600000000 0.6935808469
 3790.0250000 752026.66107 3294728.2676 -1800.355038 2439.5250385 561.26107113 -1731.632356 180.07000000 92.650000000 0.3102378490
 3794.8600000 752026.65517 3294723.4379 -1800.129386 2439.2993861 561.25517050 -1736.462084 180.07000000 92.700000000 0.3102378490
 3799.6450000 752026.64724 3294718.6579 -1799.912324 2439.0823243 561.24724436 -1741.242149 180.12000762 92.500000951 1.2924371142
 3804.4300000 752026.63515 3294713.8771 -1799.711949 2438.8819493 561.23514500 -1746.022934 180.17000000 92.300000000 1.2924371142
 3809.1600000 752026.62112 3294709.1505 -1799.532437 2438.7024375 561.22112095 -1750.749501 180.17000000 92.050000000 1.5856236786
 3813.8900000 752026.60709 3294704.4232 -1799.373551 2438.5435509 561.20709471 -1755.476807 180.17000000 91.800000000 1.5856236786
 3818.6300000 752026.59097 3294699.6856 -1799.222597 2438.3925967 561.19097094 -1760.214375 180.21999859 91.850000704 0.4474192893
 3823.3700000 752026.57071 3294694.9482 -1799.067508 2438.2375082 561.17071343 -1764.951794 180.27000000 91.900000000 0.4474192893
 3828.1800000 752026.54806 3294690.1410 -1798.905934 2438.0759342 561.14805972 -1769.759026 180.27000000 91.950000000 0.3118503119
 3832.9900000 752026.52541 3294685.3339 -1798.740165 2437.9101651 561.12540667 -1774.566115 180.27000000 92.000000000 0.3118503119
 3837.7800000 752026.50703 3294680.5469 -1798.570908 2437.7409076 561.10702573 -1779.353088 180.17000312 92.050003120 0.6998714840
 3842.5700000 752026.49700 3294675.7601 -1798.397473 2437.5674728 561.09699997 -1784.139935 180.07000000 92.100000000 0.6998714840
 3847.3100000 752026.49121 3294671.0234 -1798.219648 2437.3896480 561.09121305 -1788.876595 180.07000000 92.200000000 0.6329113924
 3852.0500000 752026.48543 3294666.2871 -1798.033557 2437.2035565 561.08542651 -1793.612936 180.07000000 92.300000000 0.6329113924
 3856.8400000 752026.47749 3294661.5009 -1797.841325 2437.0113252 561.07749079 -1798.399070 180.12000000 92.300000875 0.3129001237
 3861.6300000 752026.46538 3294656.7148 -1797.649094 2436.8190938 561.06537839 -1803.185196 180.17000000 92.300000000 0.3129001237
 3866.4650000 752026.45104 3294651.8839 -1797.450841 2436.6208408 561.05104474 -1808.016108 180.17000000 92.400000000 0.6204756980
 3871.3000000 752026.43671 3294647.0533 -1797.244156 2436.4141565 561.03671214 -1812.846666 180.17000000 92.500000000 0.6204756980
 3876.1350000 752026.42238 3294642.2223 -1797.050120 2436.2201196 561.02237802 -1817.677740 180.17000000 92.100000000 2.4819027921
 3880.9700000 752026.40804 3294637.3899 -1796.889815 2436.0598147 561.00804022 -1822.510051 180.17000000 91.700000000 2.4819027921
 3885.7900000 752026.39585 3294632.5722 -1796.742619 2435.9126190 560.99584765 -1827.327787 180.12000274 91.800000685 0.6958030458
 3890.6100000 752026.38786 3294627.7547 -1796.587015 2435.7570150 560.98785978 -1832.145267 180.07000000 91.900000000 0.6958030458
 3895.4250000 752026.38198 3294622.9425 -1796.423173 2435.5931734 560.98198056 -1836.957474 180.07000000 92.000000000 0.6230529595
 3900.2400000 752026.37610 3294618.1306 -1796.250933 2435.4209331 560.97610169 -1841.769389 180.07000000 92.100000000 0.6230529595
 3905.0450000 752026.37024 3294613.3289 -1796.072765 2435.2427649 560.97023532 -1846.571081 180.07000000 92.150000000 0.3121748179
 3909.8500000 752026.36437 3294608.5274 -1795.890407 2435.0604065 560.96436913 -1851.372615 180.07000000 92.200000000 0.3121748179
 3914.6250000 752026.35854 3294603.7560 -1795.705023 2434.8750228 560.95853977 -1856.144011 180.07000000 92.250000000 0.3141361257
 3919.4000000 752026.35271 3294598.9848 -1795.515475 2434.6854753 560.95271061 -1860.915244 180.07000000 92.300000000 0.3141361257
 3924.1750000 752026.34480 3294594.2136 -1795.323846 2434.4938460 560.94479974 -1865.686391 180.12000000 92.300000875 0.3138830560
 3928.9500000 752026.33273 3294589.4425 -1795.132217 2434.3022166 560.93272526 -1870.457528 180.17000000 92.300000000 0.3138830560
 3933.7350000 752026.31854 3294584.6608 -1794.954790 2434.1247903 560.91853769 -1875.239209 180.17000000 91.950000000 2.1943573668
 3938.5200000 752026.30435 3294579.8781 -1794.806577 2433.9765769 560.90434716 -1880.021885 180.17000000 91.600000000 2.1943573668
 3943.3750000 752026.28995 3294575.0247 -1794.681606 2433.8516056 560.88994689 -1884.875251 180.17000000 91.350000000 1.5447991761
 3948.2300000 752026.27555 3294570.1709 -1794.577812 2433.7478123 560.87554514 -1889.729116 180.17000000 91.100000000 1.5447991761
 3953.0250000 752026.25923 3294565.3766 -1794.498312 2433.6683119 560.85922793 -1894.523424 180.22000366 90.800000305 1.9028401735
 3957.8200000 752026.23873 3294560.5819 -1794.443916 2433.6139156 560.83872543 -1899.318066 180.27000000 90.500000000 1.9028401735
 3962.6100000 752026.21824 3294555.7922 -1794.400026 2433.5700255 560.81824401 -1904.107820 180.22000042 90.550000209 0.4428541423
 3967.4000000 752026.20194 3294551.0024 -1794.351956 2433.5219556 560.80194259 -1908.897551 180.17000000 90.600000000 0.4428541423
 3972.2250000 752026.18973 3294546.1778 -1794.299324 2433.4693240 560.78973254 -1913.722248 180.12000050 90.650000247 0.4396377112
 3977.0500000 752026.18173 3294541.3531 -1794.242482 2433.4124821 560.78173292 -1918.546907 180.07000000 90.700000000 0.4396377112
 3981.8400000 752026.17379 3294536.5635 -1794.181873 2433.3518728 560.77379147 -1923.336516 180.11999943 90.750000286 0.4428453740
 3986.6300000 752026.16167 3294531.7739 -1794.117084 2433.2870838 560.76167045 -1928.126062 180.17000000 90.800000000 0.4428453740
 3991.4800000 752026.14940 3294526.9245 -1794.047251 2433.2172512 560.74939766 -1932.975544 180.12000065 90.850000324 0.4373615456
 3996.3300000 752026.14136 3294522.0750 -1793.973187 2433.1431867 560.74135696 -1937.824971 180.07000000 90.900000000 0.4373615456
 4001.1300000 752026.13549 3294517.2757 -1793.895697 2433.0656974 560.73549342 -1942.624342 180.07000000 90.950000000 0.3125000000
 4005.9300000 752026.12963 3294512.4764 -1793.814020 2432.9840199 560.72962996 -1947.423643 180.07000000 91.000000000 0.3125000000
 4010.6600000 752026.12179 3294507.7471 -1793.731470 2432.9014700 560.72178853 -1952.152916 180.12000000 91.000000381 0.3170764361
 4015.3900000 752026.10982 3294503.0178 -1793.648920 2432.8189201 560.70982002 -1956.882181 180.17000000 91.000000000 0.3170764361
 4020.1750000 752026.09562 3294498.2332 -1793.588374 2432.7583743 560.69562385 -1961.666758 180.17000000 90.450000000 3.4482758621
 4024.9600000 752026.08143 3294493.4483 -1793.573759 2432.7437595 560.68142661 -1966.451696 180.17000000 89.900000000 3.4482758621
 4029.8050000 752026.06917 3294488.6033 -1793.584330 2432.7543296 560.66916528 -1971.296669 180.12000011 89.849999943 0.4378362382
 4034.6500000 752026.06113 3294483.7584 -1793.599128 2432.7691278 560.66113199 -1976.141639 180.07000000 89.800000000 0.4378362382
 4039.4800000 752026.05102 3294478.9284 -1793.613880 2432.7838802 560.65101611 -1980.971606 180.17000023 89.849999772 0.6944290746
 4044.3100000 752026.03247 3294474.0984 -1793.624418 2432.7944176 560.63247032 -1985.801558 180.27000000 89.900000000 0.6944290746
 4049.1400000 752026.00971 3294469.2685 -1793.630740 2432.8007401 560.60970958 -1990.631500 180.27000000 89.950000000 0.3105590062
 4053.9700000 752025.98695 3294464.4386 -1793.632848 2432.8028475 560.58694883 -1995.461445 180.27000000 90.000000000 0.3105590062
 4058.8250000 752025.96831 3294459.5837 -1793.611664 2432.7816637 560.56830685 -2000.316347 180.17000762 90.500000762 3.1507783048
 4063.6800000 752025.95814 3294454.7291 -1793.548114 2432.7181139 560.55813891 -2005.170905 180.07000000 91.000000000 3.1507783048
 4068.5050000 752025.95014 3294449.9050 -1793.457591 2432.6275911 560.55014033 -2009.995047 180.11999737 91.150000438 0.9830715884
 4073.3300000 752025.93793 3294445.0811 -1793.354439 2432.5244391 560.53793255 -2014.818928 180.17000000 91.300000000 0.9830715884
 4078.1300000 752025.92160 3294440.2828 -1793.226696 2432.3966964 560.52160285 -2019.617187 180.21998800 91.750000666 2.8297914082
 4082.9300000 752025.90109 3294435.4857 -1793.061272 2432.2312724 560.50109087 -2024.414280 180.27000000 92.200000000 2.8297914082
 4087.6800000 752025.88287 3294430.7393 -1792.876859 2432.0468590 560.48286577 -2029.160663 180.17000343 92.250003423 0.7056911724
 4092.4300000 752025.87293 3294425.9931 -1792.688304 2431.8583038 560.47292503 -2033.906908 180.07000000 92.300000000 0.7056911724
 4097.1600000 752025.86509 3294421.2670 -1792.496418 2431.6664182 560.46508896 -2038.633007 180.11999821 92.350000894 0.4482935250
 4101.8900000 752025.85313 3294416.5411 -1792.300408 2431.4704084 560.45312903 -2043.358929 180.17000000 92.400000000 0.4482935250
 4111.4600000 752025.82476 3294406.9795 -1791.899658 2431.0696583 560.42475922 -2052.920492 180.17000000 92.400000000 0.0000000000
 4116.2450000 752025.81266 3294402.1988 -1791.697197 2430.8671973 560.41266043 -2057.701191 180.12000187 92.450000932 0.4431245323
 4121.0300000 752025.80473 3294397.4183 -1791.490564 2430.6605644 560.40473388 -2062.481721 180.07000000 92.500000000 0.4431245323
 4125.8450000 752025.79886 3294392.6080 -1791.278438 2430.4484381 560.39885697 -2067.292042 180.07000000 92.550000000 0.3115264797
 4130.6600000 752025.79298 3294387.7978 -1791.062114 2430.2321141 560.39298027 -2072.102176 180.07000000 92.600000000 0.3115264797
 4135.4600000 752025.78712 3294383.0029 -1790.842280 2430.0122796 560.38712212 -2076.897136 180.07000000 92.650000000 0.3125000000
 4140.2600000 752025.78126 3294378.2081 -1790.618261 2429.7882607 560.38126421 -2081.691902 180.07000000 92.700000000 0.3125000000
 4145.0500000 752025.77333 3294373.4235 -1790.390533 2429.5605331 560.37333120 -2086.476479 180.11999790 92.750001046 0.4426094132
 4149.8400000 752025.76122 3294368.6392 -1790.158630 2429.3286302 560.36122338 -2091.260846 180.17000000 92.800000000 0.4426094132
 4154.7100000 752025.74679 3294363.7759 -1789.903755 2429.0737546 560.34679365 -2096.124141 180.17000000 93.200000000 2.4640657084
 4159.5800000 752025.73237 3294358.9145 -1789.614933 2428.7849331 560.33236956 -2100.985537 180.17000000 93.600000000 2.4640657084
 4164.4100000 752025.72017 3294354.0945 -1789.303242 2428.4732422 560.32017092 -2105.805452 180.12001159 93.800001443 1.2803020056
 4169.2400000 752025.71218 3294349.2757 -1788.974728 2428.1447284 560.31218029 -2110.624257 180.07000000 94.000000000 1.2803020056
 4178.9200000 752025.70038 3294339.6193 -1788.299486 2427.4694857 560.30038275 -2120.280670 180.07000000 94.000000000 0.0000000000
 4183.6950000 752025.69456 3294334.8561 -1787.964320 2427.1343202 560.29456338 -2125.043889 180.07000000 94.050000000 0.3141361256
 4188.4700000 752025.68874 3294330.0932 -1787.624998 2426.7949981 560.28874436 -2129.806814 180.07000000 94.100000000 0.3141361256
 4193.2500000 752025.68084 3294325.3254 -1787.283240 2426.4532402 560.28083911 -2134.574574 180.12000000 94.100001556 0.3130044296
 4198.0300000 752025.66877 3294320.5577 -1786.941482 2426.1114824 560.26877320 -2139.342325 180.17000000 94.100000000 0.3130044296
 4202.8150000 752025.65669 3294315.7849 -1786.599367 2425.7693670 560.25669468 -2144.115064 180.12000000 94.100001556 0.3126773612
 4207.6000000 752025.64878 3294311.0122 -1786.257252 2425.4272516 560.24878116 -2148.887812 180.07000000 94.100000000 0.3126773612
 4212.4200000 752025.64081 3294306.2047 -1785.910536 2425.0805362 560.24081020 -2153.695318 180.11999683 94.150001575 0.4395313260
 4217.2400000 752025.62864 3294301.3975 -1785.559625 2424.7296255 560.22864468 -2158.502512 180.17000000 94.200000000 0.4395313260
 4222.0350000 752025.61237 3294296.6154 -1785.208448 2424.3784483 560.21236927 -2163.284607 180.22000000 94.200001594 0.3119857591
 4226.8300000 752025.59192 3294291.8333 -1784.857271 2424.0272710 560.19192070 -2168.066686 180.27000000 94.200000000 0.3119857591
 4231.6600000 752025.56922 3294287.0165 -1784.501429 2423.6714287 560.16922180 -2172.883507 180.27000000 94.250000000 0.3105590062
 4236.4900000 752025.54652 3294282.2000 -1784.141383 2423.3113831 560.14652438 -2177.700015 180.27000000 94.300000000 0.3105590062
 4246.1600000 752025.50108 3294272.5573 -1783.416339 2422.5863388 560.10108401 -2187.342688 180.27000000 94.300000000 0.0000000000
 4251.0000000 752025.48045 3294267.7311 -1783.051336 2422.2213358 560.08044669 -2192.168861 180.22000332 94.350001650 0.4376584690
 4255.8400000 752025.46402 3294262.9053 -1782.682121 2421.8521213 560.06402209 -2196.994729 180.17000000 94.400000000 0.4376584690
 4260.6250000 752025.44986 3294258.1330 -1782.333760 2421.5037597 560.04986244 -2201.766998 180.17000000 93.950000000 2.8213166144
 4265.4100000 752025.43570 3294253.3581 -1782.022890 2421.1928899 560.03569511 -2206.541856 180.17000000 93.500000000 2.8213166144
 4270.2050000 752025.42149 3294248.5717 -1781.736427 2420.9064274 560.02149350 -2211.328269 180.17000000 93.350000000 0.9384775808
 4275.0000000 752025.40729 3294243.7846 -1781.462497 2420.6324968 560.00728971 -2216.115416 180.17000000 93.200000000 0.9384775808
 4279.8250000 752025.39300 3294238.9669 -1781.197362 2420.3673622 559.99299530 -2220.933104 180.17000000 93.100000000 0.6217616580
 4284.6500000 752025.37870 3294234.1488 -1780.940636 2420.1106365 559.97869954 -2225.751247 180.17000000 93.000000000 0.6217616580
 4289.4400000 752025.36659 3294229.3646 -1780.704559 2419.8745589 559.96659302 -2230.535403 180.11998586 92.650001008 2.2142742501
 4294.2300000 752025.35866 3294224.5791 -1780.497710 2419.6677104 559.95865919 -2235.320921 180.07000000 92.300000000 2.2142742501
 4303.9000000 752025.34685 3294214.9169 -1780.109636 2419.2796359 559.94685458 -2244.983123 180.07000000 92.300000000 0.0000000000
 4308.7250000 752025.34096 3294210.0959 -1779.913896 2419.0838964 559.94096458 -2249.804147 180.07000000 92.350000000 0.3108808290
 4313.5500000 752025.33507 3294205.2750 -1779.713950 2418.8839499 559.93507480 -2254.624999 180.07000000 92.400000000 0.3108808290
 4318.3800000 752025.32918 3294200.4493 -1779.509585 2418.6795849 559.92917913 -2259.450670 180.07000000 92.450000000 0.3105590062
 4323.2100000 752025.32328 3294195.6238 -1779.301009 2418.4710087 559.92328367 -2264.276160 180.07000000 92.500000000 0.3105590062
 4328.0150000 752025.31742 3294190.8233 -1779.093512 2418.2635122 559.91741874 -2269.076674 180.07000000 92.450000000 0.3121748179
 4332.8200000 752025.31155 3294186.0226 -1778.890205 2418.0602050 559.91155358 -2273.877368 180.07000000 92.400000000 0.3121748179
 4342.4200000 752025.29984 3294176.4311 -1778.488199 2417.6581987 559.89983526 -2283.468940 180.07000000 92.400000000 0.0000000000
 4347.2300000 752025.29816 3294171.6245 -1778.305651 2417.4756509 559.89815921 -2288.275461 179.96997326 91.950002968 2.8750380896
 4352.0400000 752025.30487 3294166.8167 -1778.160859 2417.3308586 559.90487379 -2293.083264 179.87000000 91.500000000 2.8750380896
 4356.8200000 752025.31572 3294162.0382 -1778.044073 2417.2140729 559.91571602 -2297.861822 179.87000000 91.300000000 1.2552301255
 4361.6000000 752025.32656 3294157.2592 -1777.943968 2417.1139681 559.92655910 -2302.640759 179.87000000 91.100000000 1.2552301255
 4366.4200000 752025.33960 3294152.4402 -1777.849334 2417.0193337 559.93959587 -2307.459812 179.82000088 91.150000438 0.4400636058
 4371.2400000 752025.35684 3294147.6212 -1777.750494 2416.9204939 559.95683775 -2312.278767 179.77000000 91.200000000 0.4400636058
 4376.0050000 752025.38012 3294142.8573 -1777.650703 2416.8207032 559.98011873 -2317.042665 179.67000000 91.200001827 0.6294526862
 4380.7700000 752025.41171 3294138.0935 -1777.550912 2416.7209124 560.01171424 -2321.806514 179.57000000 91.200000000 0.6294526862
 4385.5400000 752025.44750 3294133.3247 -1777.448936 2416.6189363 560.04750417 -2326.575290 179.57000000 91.250000000 0.3144654088
 4390.3100000 752025.48329 3294128.5560 -1777.342798 2416.5127985 560.08329342 -2331.343974 179.57000000 91.300000000 0.3144654088
 4395.0850000 752025.52537 3294123.7825 -1777.232383 2416.4023833 560.12536785 -2336.117511 179.42000308 91.350004625 0.9931373812
 4399.8600000 752025.57994 3294119.0092 -1777.117802 2416.2878022 560.17993808 -2340.890822 179.27000000 91.400000000 0.9931373812
 4409.4200000 752025.70170 3294109.4528 -1776.884231 2416.0542306 560.30170147 -2350.447193 179.27000000 91.400000000 0.0000000000
 4414.2550000 752025.76750 3294104.6198 -1776.763992 2415.9339919 560.36750053 -2355.280249 179.17000221 91.450002208 0.6935351464
 4419.0900000 752025.84173 3294099.7869 -1776.639535 2415.8095352 560.44173312 -2360.113076 179.07000000 91.500000000 0.6935351464
 4423.8750000 752025.92146 3294095.0041 -1776.520540 2415.6905400 560.52146081 -2364.895930 179.01999692 91.350000514 0.9912819856
 4428.6600000 752026.00537 3294090.2210 -1776.414068 2415.5840684 560.60536747 -2369.679008 178.97000000 91.200000000 0.9912819856
 4433.4500000 752026.09355 3294085.4327 -1776.322113 2415.4921127 560.69354572 -2374.467311 178.91999695 91.000000381 1.2911487044
 4438.2400000 752026.18591 3294080.6442 -1776.246875 2415.4168747 560.78590814 -2379.255827 178.87000000 90.800000000 1.2911487044
 4443.0700000 752026.27905 3294075.8154 -1776.192081 2415.3620813 560.87904694 -2384.084612 178.92000228 90.500000190 1.8890545091
 4447.9000000 752026.36798 3294070.9863 -1776.162577 2415.3325767 560.96797589 -2388.913697 178.97000000 90.200000000 1.8890545091
 4452.6750000 752026.45798 3294066.2122 -1776.143825 2415.3138253 561.05797646 -2393.687812 178.87000038 90.250000381 0.7024243105
 4457.4500000 752026.55631 3294061.4383 -1776.120907 2415.2909071 561.15630891 -2398.461743 178.77000000 90.300000000 0.7024243105
 4462.2700000 752026.66188 3294056.6195 -1776.093567 2415.2635666 561.26187546 -2403.280509 178.72000027 90.350000133 0.4401038215
 4467.0900000 752026.77165 3294051.8008 -1776.062020 2415.2320200 561.37164655 -2408.099155 178.67000000 90.400000000 0.4401038215
 4471.8650000 752026.88664 3294047.0274 -1776.026601 2415.1966010 561.48664068 -2412.872638 178.57000069 90.450000685 0.7024123282
 4476.6400000 752027.00997 3294042.2541 -1775.987015 2415.1570152 561.60996508 -2417.645881 178.47000000 90.500000000 0.7024123282
 4481.4800000 752027.14341 3294037.4160 -1775.959561 2415.1295613 561.74341475 -2422.483954 178.36999840 90.150000228 2.2562307611
 4486.3200000 752027.28531 3294032.5781 -1775.961673 2415.1316732 561.88531044 -2427.321865 178.27000000 89.800000000 2.2562307611
 4491.1000000 752027.43378 3294027.8005 -1775.984615 2415.1546155 562.03378428 -2432.099502 178.17000160 89.649999467 1.1314422519
 4495.8800000 752027.59059 3294023.0232 -1776.020072 2415.1900715 562.19059392 -2436.876796 178.07000000 89.500000000 1.1314422519
 4500.6300000 752027.74435 3294018.2759 -1776.059450 2415.2294501 562.34434698 -2441.624142 178.22000103 89.549998458 0.9985861642
 4505.3800000 752027.88567 3294013.5281 -1776.094684 2415.2646837 562.48567198 -2446.371907 178.37000000 89.600000000 0.9985861642
 4510.2050000 752028.01871 3294008.7050 -1776.126263 2415.2962631 562.61870739 -2451.194968 178.47000053 89.649999467 0.6951402200
 4515.0300000 752028.14333 3294003.8817 -1776.153632 2415.3236319 562.74332543 -2456.018280 178.57000000 89.700000000 0.6951402200
 4519.8200000 752028.25659 3293999.0932 -1776.193342 2415.3633421 562.85659109 -2460.806767 178.71998960 89.349997773 2.3848715168
 4524.6100000 752028.35731 3293994.3048 -1776.262311 2415.4323108 562.95731327 -2465.595203 178.87000000 89.000000000 2.3848715168
 4529.3950000 752028.44332 3293989.5213 -1776.343733 2415.5137334 563.04331538 -2470.378734 179.07000289 89.049994213 1.2923422342
 4534.1800000 752028.51262 3293984.7374 -1776.420981 2415.5909808 563.11262033 -2475.162606 179.27000000 89.100000000 1.2923422342
 4538.9950000 752028.56766 3293979.9233 -1776.494511 2415.6645110 563.16765720 -2479.976729 179.42000194 89.149997088 0.9850355506
 4543.8100000 752028.61009 3293975.1090 -1776.563840 2415.7338398 563.21009111 -2484.791041 179.57000000 89.200000000 0.9850355506
 4548.6000000 752028.64186 3293970.3195 -1776.630719 2415.8007187 563.24185626 -2489.580468 179.67000000 89.199998782 0.6262437519
 4553.3900000 752028.66526 3293965.5301 -1776.697598 2415.8675976 563.26526224 -2494.369943 179.77000000 89.200000000 0.6262437519
 4558.2250000 752028.68467 3293960.6955 -1776.760886 2415.9308858 563.28466945 -2499.204490 179.77000000 89.300000000 0.6204756980
 4563.0600000 752028.70408 3293955.8609 -1776.815736 2415.9857359 563.30407709 -2504.039139 179.77000000 89.400000000 0.6204756980
 4567.8400000 752028.72118 3293951.0811 -1776.863706 2416.0337055 563.32117864 -2508.818867 179.82000042 89.449999791 0.4437806154
 4572.6200000 752028.73411 3293946.3014 -1776.907504 2416.0775039 563.33410920 -2513.598649 179.87000000 89.500000000 0.4437806154
 4577.3600000 752028.74486 3293941.5616 -1776.955072 2416.1250721 563.34486337 -2518.338396 179.87000000 89.350000000 0.9493670886
 4582.1000000 752028.75562 3293936.8220 -1777.015049 2416.1850487 563.35561721 -2523.078003 179.87000000 89.200000000 0.9493670886
 4586.9000000 752028.76441 3293932.0224 -1777.075785 2416.2457845 563.36441286 -2527.877610 179.92000149 89.349999753 0.9882052970
 4591.7000000 752028.76902 3293927.2226 -1777.123955 2416.2939548 563.36902021 -2532.677364 179.97000000 89.500000000 0.9882052970
 4596.4900000 752028.76944 3293922.4328 -1777.159485 2416.3294850 563.36943815 -2537.467231 180.02000080 89.649999867 0.9902728806
 4601.2800000 752028.76568 3293917.6428 -1777.182475 2416.3524753 563.36567609 -2542.257173 180.07000000 89.800000000 0.9902728806
 4606.1000000 752028.75979 3293912.8229 -1777.197197 2416.3671971 563.35978738 -2547.077146 180.07000000 89.850000000 0.3112033195
 4610.9200000 752028.75390 3293908.0029 -1777.207713 2416.3777127 563.35389865 -2551.897131 180.07000000 89.900000000 0.3112033195
 4615.7400000 752028.74801 3293903.1829 -1777.214022 2416.3840221 563.34800992 -2556.717123 180.07000000 89.950000000 0.3112033195
 4620.5600000 752028.74212 3293898.3629 -1777.216125 2416.3861252 563.34212118 -2561.537119 180.07000000 90.000000000 0.3112033195
 4625.3550000 752028.73626 3293893.5679 -1777.218217 2416.3882174 563.33626298 -2566.332115 180.07000000 89.950000000 0.3128258603
 4630.1500000 752028.73040 3293888.7729 -1777.224494 2416.3944940 563.33040479 -2571.127107 180.07000000 89.900000000 0.3128258603
 4632.0750000 752028.72721 3293886.8479 -1777.228694 2416.3986937 563.32721303 -2573.052100 180.11999989 89.849999943 1.1019826359
 4634.0000000 752028.72234 3293884.9229 -1777.234573 2416.4045733 563.32234141 -2574.977085 180.17000000 89.800000000 1.1019826359
 4636.8700000 752028.71383 3293882.0529 -1777.243339 2416.4133392 563.31382601 -2577.847058 180.17000000 89.850000000 0.5226480836
 4639.7400000 752028.70531 3293879.1830 -1777.249601 2416.4196006 563.30531058 -2580.717039 180.17000000 89.900000000 0.5226480836
 4651.8700000 752028.67832 3293867.0530 -1777.260186 2416.4301860 563.27831780 -2592.847002 180.08500000 90.000000000 0.3245936180
 4664.0000000 752028.66932 3293854.9230 -1777.249601 2416.4196006 563.26932019 -2604.976991 180.00000000 90.100000000 0.3245936180
